drug1,drug2,text,label
Rosuvastatin,β-lactams,"Our findings demonstrated that β-lactam exposure was associated with elevated low-density lipoprotein cholesterol and total cholesterol levels. Both rosuvastatin and β-lactams induced significant alterations in gut microbiota composition, with distinct shifts in bacterial taxa abundances: rosuvastatin increased the relative abundance of Faecalibacterium and Dysosmobacter , whereas β-lactams disrupted the abundance of Faecalibacterium , Roseburia , and Dysosmobacter . Collectively, these results indicate that concomitant β-lactam use impairs rosuvastatin efficacy in patients with CHD, likely through perturbation of gut microbiota composition.",1
Rifampin,Mezigdomide (MEZI),"PBPK modeling predicted substantial interactions with strong and moderate CYP3A modulators, which informed a unique dose selection strategy, PK sampling time, and washout period. Clinical results confirmed reductions in MEZI exposure with rifampin (AUC reduced 93-95%).",1
Itraconazole,Mezigdomide (MEZI),Clinical results confirmed increases with itraconazole (~14-fold for dose normalized AUC).,1
aspirin,clopidogrel,Major DDIs included aspirin + clopidogrel (24.8%),1
aspirin,ticagrelor,Major DDIs included aspirin + ticagrelor (17.3%),1
OATP1B1 inhibitors,statins,The concurrent use of OATP1B1 inhibitors can increase systemic statin exposure and thus increase the risk of SAMS.,1
antidiabetic drugs,statins,"In 54% of the ICSRs analysed, at least one substance with OATP1B1 inhibiting properties was used together with a statin.",1
cardiovascular drugs,statins,"In 54% of the ICSRs analysed, at least one substance with OATP1B1 inhibiting properties was used together with a statin.",1
Aspirin,IJT (Ijintang),This concurrent use creates a high potential for clinically significant herb-drug interactions.,0
Aspirin,CGT (Cheongsanggyeontongtang),This concurrent use creates a high potential for clinically significant herb-drug interactions.,1
IJT (Ijintang),Aspirin,Co-administration with IJT showed a non-significant trend towards increased ASA exposure,0
CGT (Cheongsanggyeontongtang),Aspirin,Co-administration with CGT tended to alter the PK profile of aspirin and enhance its antiplatelet activity.,1
warfarin,lorazepam,"The patient was discharged with a plan for close INR monitoring. Following the initiation of lorazepam and olanzapine for a comorbid psychiatric condition, he re-presented with bleeding manifestations due to warfarin overdose.",1
warfarin,olanzapine,"The patient was discharged with a plan for close INR monitoring. Following the initiation of lorazepam and olanzapine for a comorbid psychiatric condition, he re-presented with bleeding manifestations due to warfarin overdose.",1
atorvastatin,hybutimibe,This study evaluated the pharmacokinetic (PK) interaction between atorvastatin and hybutimibe in healthy Chinese subjects.,1
Dexamethasone,Rifampicin,"The median duration of rifampicin therapy at the time of pharmacokinetic sampling was 4 days (range: 0-7). Dexamethasone pharmacokinetics was best described by a one-compartment disposition model with first-order absorption and elimination. Typical oral clearance (CL/F) was 131 L/h, reduced to 11.5 L/h with concomitant lopinavir/ritonavir.",1
Dexamethasone,Lopinavir/Ritonavir,"Typical oral clearance (CL/F) was 131 L/h, reduced to 11.5 L/h with concomitant lopinavir/ritonavir.",1
Ginger,Aspirin,"Four potential herb-drug interactions were identified, namely ginger-aspirin (n=2)",1
Ginger,Glibenclamide,ginger-glibenclamide (n=1),1
Honey,Warfarin,honey-warfarin (n=1),1
Garlic,Aspirin,garlic-aspirin (n=1),1
Vismodegib,Simvastatin,...and reduced their clearance to 42.9 % (P = 0.11) and 53.5 % (P < 0.05) relative to simvastatin alone.,1
Vismodegib,Simvastatin Acid,Co-administration significantly increased the systemic exposure of simvastatin and simvastatin acid...,1
Vismodegib,OATP1B1,...vismodegib (1) significantly inhibited OATP1B1 transport function,0
Azoles,Statins,Azoles are first-line antifungal agents known to increase the risk of statin-related myopathy due to drug interactions.,1
Voriconazole,Nonstatins,DDIs with some nonstatins further elevate this frequency.,0
Fluconazole,None specified,"Voriconazole, fluconazole, and itraconazole were associated with myopathy in narrow and broad SMQ searches.",1
Itraconazole,None specified,"Voriconazole, fluconazole, and itraconazole were associated with myopathy in narrow and broad SMQ searches.",1
Posaconazole,None specified,Posaconazole and isavuconazole were associated with myopathy in the broad SMQ search.,1
Isavuconazole,None specified,Posaconazole and isavuconazole were associated with myopathy in the broad SMQ search.,1
Fruquintinib,Dabigatran etexilate,Co-administration of dabigatran etexilate with fruquintinib resulted in a ~10% decrease in the systemic exposure of dabigatran,1
Valemetostat,Midazolam,Valemetostat inhibits cytochrome P450 3A (CYP3A) when combined with sensitive CYP3A substrates such as midazolam.,1
Valemetostat,Digoxin,Valemetostat inhibits P-glycoprotein (P-gp) when combined with sensitive P-gp substrates such as digoxin.,1
Simvastatin,Oncology agents (33 out of 138),"Of 138 oncology agents, 33 (23.9%) exhibited DDIs with statins.",1
Simvastatin,Oncology drugs,Simvastatin demonstrated the highest interaction rate (22% [30/138] of oncology drugs),1
Pravastatin,Oncology agents,4% [5/138] oncology drugs,1
Adagrasib,Statins,Contraindicated interactions (level X) were identified for adagrasib,1
Tucatinib,Statins,Contraindicated interactions (level X) were identified for tucatinib,1
Asciminib,Statins,Contraindicated interactions (level X) were identified for asciminib,1
"dicaffeoylquinic acids (ICAA, ICAB, 1,5-DCQA)",warfarin,"The three components of Erigeron breviscapus, ICAA, ICAB, and 1,5-DCQA can enhance anticoagulation of warfarin by altering its pharmacokinetic and pharmacodynamic characteristics.",1
pazopanib,pitavastatin,"Previous reports have indicated that tyrosine kinase inhibitors, such as pazopanib, can inactivate OATP1B1, leading to an increase in the plasma concentration of statins.",1
Warfarin,Linezolid,"A fatal drug interaction of linezolid and warfarin was reported in this case, highlighting the close monitoring of international normalized ratio (INR) when co-administering these drugs.",1
Gabapentinoids,Statins,"particularly when co-administered with statins (as observed in 7 cases where symptom onset occurred following combination therapy), drug-drug interactions may lead to accumulation of medicinal products, thereby significantly increasing the risk of rhabdomyolysis.",1
β-lactams,rosuvastatin,concomitant β-lactam use impairs rosuvastatin efficacy in patients with CHD,1
rosuvastatin,β-lactams,combined use causes toxicity or adverse effects (elevated low-density lipoprotein cholesterol and total cholesterol levels),1
glasmacinal,verapamil,the effect of verapamil (moderate CYP3A4 inhibitor and P-gp inhibitor) on the PK of glasmacinal,1
glasmacinal,midazolam,the effect of glasmacinal on the PK of midazolam (CYP3A4 substrate),1
glasmacinal,digoxin,the effect of glasmacinal on the PK of digoxin (P-gp substrate),1
Nirmatrelvir,Ritonavir,"nirmatrelvir boosted with ritonavir is a key antiviral against COVID-19, yet ritonavir's potent CYP3A4 inhibition exposes patients to numerous drug-drug interactions. Nirmatrelvir/ritonavir was ultimately contraindicated in 26 patients.",1
Statins,Nirmatrelvir/Ritonavir,"Among the 831 interacting medication lines, the main drug classes involved: statins (17.7%, 147/831)...",1
Immunosuppressants,Nirmatrelvir/Ritonavir,"Among the 831 interacting medication lines, the main drug classes involved: immunosuppressants (12.0%, 100/831)...",1
Direct Oral Anticoagulants,Nirmatrelvir/Ritonavir,"Among the 831 interacting medication lines, the main drug classes involved: direct oral anticoagulants (10.5%, 87/831)...",1
Nirmatrelvir/Ritonavir,Transplant-related immunosuppressants,with the drug mix evolving over time from transplant-related immunosuppressants in 2022 to statin agents in 2023-2024.,1
clopidogrel,pentamidine,"concomitant use of clopidogrel, an organic cation transporter 1 (OCT1) inhibitor that may affect pentamidine disposition",1
Dicloxacillin,Rosuvastatin,"Dicloxacillin and flucloxacillin inhibited rosuvastatin transport by OATP1B1, OATP1B3, and OATP2B1",1
Flucloxacillin,Rosuvastatin,"Dicloxacillin and flucloxacillin inhibited rosuvastatin transport by OATP1B1, OATP1B3, and OATP2B1",1
Dicloxacillin,BCRP (Breast Cancer Resistance Protein),inhibition of breast cancer resistance protein (BCRP),1
Flucloxacillin,P-gp (P-glycoprotein),inhibition of P-glycoprotein (P-gp),1
Asciminib,Atorvastatin,Asciminib increased the adjusted geometric mean (G) of atorvastatin AUC by 2.3-fold and Cmax by 1.7-fold.,1
dexamethasone,rifampicin,"there was high dexamethasone clearance, likely related to a drug-drug interaction with rifampicin",1
dexamethasone,lopinavir/ritonavir,"Typical oral clearance (CL/F) was 131 L/h, reduced to 11.5 L/h with concomitant lopinavir/ritonavir",1
cannabis,warfarin,"The risk of bleeding was 1.19, 95%CI (0.71-1.98), compared to 1646 controls.",1
cannabis,DNTI,"The risk of drug-related intoxication was 2.61, 95%CI (1.42-4.79) amongst 3926 patients exposed to cannabis and DNTI compared to 12 223 controls",0
cannabis,levothyroxine,"Patients exposed to cannabis and levothyroxine (n = 2499) had a significantly higher risk of heart failure but not thyrotoxicosis, acute coronary syndrome or stroke.",1
vismodegib,simvastatin,...and enhanced tissue (brain/cartilage) exposure of simvastatin and simvastatin acid was also observed.,1
vismodegib,OATP1B1,...vismodegib (1) significantly inhibited OATP1B1 transport function...,0
Fluconazole,None specified (nonstatin),"Voriconazole, fluconazole, and itraconazole were associated with myopathy in narrow and broad SMQ searches.",1
Itraconazole,None specified (nonstatin),"Voriconazole, fluconazole, and itraconazole were associated with myopathy in narrow and broad SMQ searches.",1
Posaconazole,None specified (nonstatin),Posaconazole and isavuconazole were associated with myopathy in the broad SMQ search.,1
Isavuconazole,None specified (nonstatin),Posaconazole and isavuconazole were associated with myopathy in the broad SMQ search.,1
Simvastatin,Oncology agents,"Contraindicated interactions (level X) were identified for adagrasib, tucatinib, and asciminib",1
Adagrasib,Simvastatin,"Contraindicated interactions (level X) were identified for adagrasib, tucatinib, and asciminib",1
Tucatinib,Simvastatin,"Contraindicated interactions (level X) were identified for adagrasib, tucatinib, and asciminib",1
Asciminib,Simvastatin,"Contraindicated interactions (level X) were identified for adagrasib, tucatinib, and asciminib",1
"antithrombotics (e.g., warfarin)",ginkgo,"high prevalence of concurrent use (23-82.5%), significantly increasing the likelihood of adverse interactions, particularly with antithrombotics (e.g., warfarin and ginkgo)",1
"antithrombotics (e.g., warfarin)","absorption-disrupting minerals (e.g., calcium)","high prevalence of concurrent use (23-82.5%), significantly increasing the likelihood of adverse interactions, particularly with antithrombotics (e.g., warfarin and ginkgo) and absorption-disrupting minerals (e.g., calcium and levothyroxine)",1
"antithrombotics (e.g., warfarin)",levothyroxine,"high prevalence of concurrent use (23-82.5%), significantly increasing the likelihood of adverse interactions, particularly with antithrombotics (e.g., warfarin and ginkgo) and absorption-disrupting minerals (e.g., calcium and levothyroxine)",1
Tyrosine kinase inhibitors,Cardiovascular drugs,"The cardiovascular drug class encompasses calcium channel blockers, antiarrhythmic medicines, and statins, which were observed to exhibit synergistic interactions.",1
Tyrosine kinase inhibitors,hERG proteins,"The binding energies of tyrosine kinase inhibitors with hERG and PXR were high, indicating significant interactions.",1
Tyrosine kinase inhibitors,PXR proteins,"The binding energies of tyrosine kinase inhibitors with hERG and PXR were high, indicating significant interactions.",1
Rifamycin (RIF),"DPP-4 inhibitors (DPP4i): saxagliptin, gemigliptin, evogliptin",RIF significantly reduced the plasma exposure of DPP4i...,1
Rifamycin (RIF),Canagliflozin,RIF significantly reduced the plasma exposure of canagliflozin,1
Linezolid,Dapagliflozin,co-administration may lead to severe pancytopenia,1
CTX (cyclophosphamide),ginsenosides Rb1,Co-administration with CTX further increased the absorption of ginsenosides,1
CTX (cyclophosphamide),"licorice-derived compounds (liquiritin, isoliquiritigenin, formononetin, and glycyrrhetinic acid)",Co-administration with CTX accelerated the clearance of licorice-derived compounds,1
EO-LS,ketoconazole,The combination of EO-LS with ketoconazole demonstrated pharmacological synergism,1
EO-LS,nystatin,its combination with nystatin resulted in an antagonistic effect,1
sotorasib,rivaroxaban,"When used in combination with rivaroxaban, these interactions may elevate a patient's risk of thromboembolic events or bleeding.",1
moxifloxacin,rifampicin,"Without rifampicin, target attainment was achieved in most CNS compartments, except brain extracellular fluid, at 800 mg once daily, while even doses up to 1000 mg did not reach target levels in most CNS compartments with rifampicin co-administration.",1
AZD4320,asparaginase,Drug-drug interaction analysis using the MuSyC algorithm showed that AZD4320 synergized by potency-rather than maximal efficacy-with asparaginase and dasatinib...,1
AZD4320,dasatinib,Drug-drug interaction analysis using the MuSyC algorithm showed that AZD4320 synergized by potency-rather than maximal efficacy-with asparaginase and dasatinib...,1
asparaginase,AZD4320,"...mechanistically, asparaginase-induced asparagine depletion promoted mitochondrial dysfunction, potentiating AZD4320-mediated cytotoxicity.",1
Shenqi Oral Liquid (SQ),atorvastatin (ATV),...dose adjustment of ATV may be necessary during combination therapy...,1
Anwuligan (ANL),CYP2C19,Enzyme kinetics revealed that ANL is a mechanism-based inhibitor of CYP2C19,0
Anwuligan (ANL),Amitriptyline,evaluated its pharmacokinetic interaction with amitriptyline,1
Ribociclib,Triazolam,"Ribociclib inhibited the metabolism of triazolam, a CYP3A probe, in vivo.",1
CDK4/6 inhibitors,Simvastatin,"Based on two cases of severe rhabdomyolysis in patients taking a CDK4/6 inhibitor and simvastatin, a CYP3A and OATP1B substrate...",1
Ribociclib,CDCA-24G or paclitaxel,...ribociclib did not influence the pharmacokinetics or pharmacodynamics of the OATP1B substrates CDCA-24G or paclitaxel.,1
carfilzomib,carboplatin,Drug-interaction analysis showed reproducible synergy between carfilzomib and carboplatin in HDC and LuBi,1
carfilzomib,vinorelbine,combinations with vinorelbine were mainly additive or antagonistic effects,1
Toluidine Blue O (TBO),Naringenin (NAR),"NAR enhanced TBO-aPDT killing of S. mutans biofilms, enabling low-concentration TBO-aPDT to match high-concentration efficacy TBO.",1
Toluidine Blue O (TBO),Naringenin (NAR) + Toluidine Blue O (TBO),NAR plus TBO (6.25 µg/mL)-aPDT resulted in lower viable counts than TBO (6.25 µg/mL)-aPDT,1
Rifampicin,Linezolid,Simulations demonstrated that 1200 mg once-daily dosing failed to maintain therapeutic plasma and CSF linezolid concentrations when co-administered with high-dose rifampicin.,1
Linezolid,Rifampicin,These findings underscore the importance of optimizing linezolid dosing when used with rifampicin in TBM and support evaluation in larger studies to guide treatment strategies.,1
clobazam (CLB),cenobamate (CNB),These findings support a potential pharmacokinetic-pharmacodynamic interaction between CNB and CLB,1
busulfan,phenytoin,"Interactions with medications known to affect CYP3A4, including phenytoin and metronidazole, have been described in multiple instances.",1
busulfan,metronidazole,"Interactions with medications known to affect CYP3A4, including phenytoin and metronidazole, have been described in multiple instances.",1
busulfan,rifampin,Busulfan therapeutic drug monitoring revealed accelerated busulfan clearance determined to be due to rifampin's effect on busulfan metabolism.,1
ritonavir,nifedipine,"assuming a proportional relationship between the area under the concentration-time curve (AUC) and trough concentration, ritonavir increased the AUC of nifedipine by approximately 14-fold",1
telmisartan,nifedipine,"the patient's plasma trough concentrations of nifedipine increased approximately four-fold and seven-fold at 24 and 96 h after initiation, respectively",1
melatonin,"concomitant medications (e.g., acetaminophen, metamizole, omeprazole, ibuprofen, acetylsalicylic acid, nabiximol and tizanidine)","All affected patients were women taking polymedications metabolized through shared hepatic pathways with melatonin, suggesting a possible interaction leading to hepatic overload.",1
melatonin,concomitant medications (sharing liver metabolization pathways),"This is attributed to a probable pharmacokinetic drug-drug interaction with concomitant medications sharing liver metabolization pathways with melatonin, leading to CYP450 metabolic pathways saturation.",1
Rifampicin,Tenofovir alafenamide fumarate (TAF),ART containing standard-dose TAF resulted in higher TFV-DP concentrations than TDF-based ART when combined with rifampicin.,1
Rifampicin,Tenofovir disoproxil fumarate (TDF),This interaction has not been assessed in people with HIV-associated tuberculosis.,1
Denosumab,Calcimimetics,The ROR [95%CI] values for co-exposures of denosumab with calcimimetics (850.5 [397.6-1819.6]) were higher than the sum of the RORs for each drug taken individually.,0
Denosumab,Loop diuretics,The ROR [95%CI] values for co-exposures of denosumab with loop diuretics (251.6 [204.5-309.4]) were higher than the sum of the RORs for each drug taken individually.,1
Denosumab,Proton pump inhibitors,The ROR [95%CI] values for co-exposures of denosumab with proton pump inhibitors (164.5 [142.2-190.3]) were higher than the sum of the RORs for each drug taken individually.,1
Denosumab,Calcitonin,The ROR [95%CI] values for co-exposures of denosumab with calcitonin (462.5 [171.5-1247.1]) were higher than the sum of the RORs for each drug taken individually.,1
Denosumab,H2 receptor antagonists,The ROR [95%CI] values for co-exposures of denosumab with H2 receptor antagonists (157.2 [114.6-215.7]) were higher than the sum of the RORs for each drug taken individually.,1
Denosumab,Aminoglycosides,The ROR [95%CI] values for co-exposures of denosumab with aminoglycosides (134.7 [41.5-437.4]) were higher than the sum of the RORs for each drug taken individually.,1
Denosumab,Cisplatin,The ROR [95%CI] values for co-exposures of denosumab with cisplatin (464.1 [256.8-839.0]) were higher than the sum of the RORs for each drug taken individually.,1
Denosumab,Sodium bicarbonate,The ROR [95%CI] values for co-exposures of denosumab with sodium bicarbonate (510.4 [296-879.9]) were higher than the sum of the RORs for each drug taken individually.,1
Denosumab,Calcium channel blockers,The ROR [95%CI] values for co-exposures of denosumab with calcium channel blockers (175.3 [143.7-213.7]) were higher than the sum of the RORs for each drug taken individually.,1
oxycodone,cannabidiol (CBD),This interaction may have implications for chronic pain management and the simultaneous use of oxycodone and CBD,1
Rifampin,Essential medications with potential rifampin DDI,Individuals talking medications with potential DDI had a higher percentage of two or more unscheduled visits (12%) compared to those not taking them (5%).,1
atorvastatin,methylprednisolone,"The temporal correlation between the drug combination and symptom onset, coupled with rapid clinical and biochemical improvement after atorvastatin discontinuation, supported a diagnosis of rhabdomyolysis due to a potential drug-drug interaction between atorvastatin and methylprednisolone...",1
loratadine,neratinib,"Furthermore, the differential inhibitory effects of loratadine toward CYP3A4.1 and CYP3A4.34 underscore the role of CYP3A4 genetic polymorphisms in modulating the inhibitory potency of loratadine toward neratinib.",1
nirmatrelvir/ritonavir,antiepileptic drugs,Interactions with antiepileptic drugs are bidirectional.,1
nirmatrelvir/ritonavir,CYP3A4 inducers (antiepileptic drugs),Moderate or strong CYP3A4 inducers among antiepileptic drugs should be dose-adjusted in patients taking nirmatrelvir/ritonavir.,1
Verapamil,Glasmacinal,the effect of verapamil (moderate CYP3A4 inhibitor and P-gp inhibitor) on the PK of glasmacinal,1
Glasmacinal,Midazolam,glasmacinal may be a victim of selected drugs that impact CYP3A4 and/or P-gp,1
Glasmacinal,Digoxin,glasmacinal may be a victim of selected drugs that impact CYP3A4 and/or P-gp,1
Glasmacinal,Verapamil,glasmacinal may be a victim of selected drugs that impact CYP3A4 and/or P-gp but is unlikely to be a perpetrator of clinically relevant DDIs,1
metabolic inducers,CYP3A substrates,victims with metabolic inducers (71.7%),1
metabolic inducers,victims,victims with metabolic inducers (71.7%),0
CYP3A substrates,metabolic inducers,CYP3A substrates (55.6%),1
CYP3A perpetrators,victims with CYP3A substrates,CYP3A perpetrators (29.3%),0
acid reducers,victims,victims with acid reducers (17.2%),0
CYP3A perpetrators,CYP3A substrates,most commonly involving OADs acting as CYP3A (58.9%) or CYP2D6 (32.5%) perpetrators,0
CYP2D6 perpetrators,CYP2D6 substrates,most commonly involving OADs acting as CYP3A (58.9%) or CYP2D6 (32.5%) perpetrators,0
mirtazapine,methamphetamine,"During the mirtazapine phase, participants reached methamphetamine peak plasma concentration 0.26 hours earlier than the placebo phase (p = 0.02)",1
mirtazapine,methadone,"Mirtazapine neither attenuated nor enhanced the expected cardiovascular effects of methamphetamine, including in participants receiving methadone maintenance therapy.",1
Ammoxetine (AMT),Quinidine,Quinidine inhibition of CYP2D6-mediated AMT metabolism,1
ritonavir,statins,"Among the 831 interacting medication lines, the main drug classes involved: statins (17.7%, 147/831)",1
ritonavir,immunosuppressants,"Among the 831 interacting medication lines, the main drug classes involved: immunosuppressants (12.0%, 100/831)",1
ritonavir,direct oral anticoagulants,"Among the 831 interacting medication lines, the main drug classes involved: direct oral anticoagulants (10.5%, 87/831)",1
nirmatrelvir boosted with ritonavir,statins,"Among the 429 eligible patients, 86.7% (372/429) had at least one clinically relevant drug interaction; 60.8% (261/429) had ≥ 2",1
nirmatrelvir boosted with ritonavir,immunosuppressants,"Among the 429 eligible patients, 86.7% (372/429) had at least one clinically relevant drug interaction; 60.8% (261/429) had ≥ 2",1
nirmatrelvir boosted with ritonavir,direct oral anticoagulants,"Among the 429 eligible patients, 86.7% (372/429) had at least one clinically relevant drug interaction; 60.8% (261/429) had ≥ 2",1
nirmatrelvir boosted with ritonavir,all medications,Nirmatrelvir boosted with ritonavir was ultimately contraindicated in 26 patients,1
zoliflodacin,itraconazole,"When zoliflodacin was co-administered with itraconazole at steady state, as determined by itraconazole trough plasma concentrations, zoliflodacin exposure increased as measured by peak concentration (Cmax)",1
pitolisant,hormonal contraceptives,known interactions of current treatments (e.g. pitolisant and modafinil) with hormonal contraceptives,1
modafinil,hormonal contraceptives,known interactions of current treatments (e.g. pitolisant and modafinil) with hormonal contraceptives,1
samelisant,orexin-based therapies,present an opportunity to complement orexin-based therapies,1
midazolam,fluconazole,The most frequent interacting drug pairs were midazolam + fluconazole,1
fluconazole,fentanyl,The most frequent interacting drug pairs were fluconazole + fentanyl,1
fentanyl,dexamethasone,"Not explicitly stated, but implied as a potential interaction",1
vancomycin,piperacillin,The most frequent interacting drug pairs were vancomycin + piperacillin,1
albendazole,10 drugs,In vitro results showed that 10 drugs inhibited albendazole metabolism by more than 80%,1
apatinib,albendazole,further to elaborate the inhibitory mechanism of apatinib on albendazole metabolism,1
CYP2D6 poor metabolisers (PM),Amitriptyline,dose reductions are advised for amitriptyline (reduction to 60% of the normal dose),1
CYP2D6 poor metabolisers (PM),Clomipramine,dose reductions are advised for clomipramine (reduction to 50% of the normal dose),1
CYP2D6 poor metabolisers (PM),Doxepin,dose reductions are advised for doxepin (reduction to 40% of normal dose),1
CYP2D6 poor metabolisers (PM),Imipramine,dose reductions are advised for imipramine,1
CYP2D6 poor metabolisers (PM),Nortriptyline,dose reductions are advised for nortriptyline,1
CYP2D6 intermediate metabolisers (IM),Amitriptyline,reduced dose is also recommended for amitriptyline (75%),1
CYP2D6 intermediate metabolisers (IM),Clomipramine,reduced dose is also recommended for clomipramine (70%),1
CYP2D6 intermediate metabolisers (IM),Doxepin,reduced dose is also recommended for doxepin (80%),1
CYP2D6 intermediate metabolisers (IM),Imipramine,reduced dose is also recommended for imipramine (70%),1
CYP2D6 intermediate metabolisers (IM),Nortriptyline,reduced dose is also recommended for nortriptyline (60%),1
CYP2D6 ultra-rapid metabolisers (UM),Amitriptyline,require tailored dose adjustments: amitriptyline (1.6 times the normal dose),1
CYP2D6 ultra-rapid metabolisers (UM),Clomipramine,alternative medication is recommended for clomipramine prescribed for anxiety and OCD,1
CYP2D6 ultra-rapid metabolisers (UM),Doxepin,require tailored dose adjustments: doxepin (2 times),1
CYP2D6 ultra-rapid metabolisers (UM),Imipramine,potential safety concerns,1
CYP2D6 ultra-rapid metabolisers (UM),Nortriptyline,require tailored dose adjustments: nortriptyline (1.7 times),1
CYP2C19 poor metabolisers (PM),Imipramine,a 70% dose reduction is advised for imipramine,1
CYP2C19 ultra-rapid metabolisers (UM),Clomipramine,alternative medication is recommended for clomipramine prescribed for anxiety and OCD,1
Cannabidiol,First four lines of treatment for chronic myeloid leukaemia (major substrates of cytochrome 3A4),"...There is a risk of drug-drug interaction/herb-drug interaction, even at low doses.",1
Cannabidiol,"First four lines of treatment for chronic myeloid leukaemia (major substrates of cytochrome 2C19, 2B6, 2D6, 2C9, 2C8 and 1A2)","High-dose cannabidiol is a weak inhibitor of cytochromes 2C19, 2B6, 2D6, 2C9, 2C8 and 1A2...",1
Cannabidiol,UGT1A9 and 2B7,High-dose cannabidiol is a weak inhibitor of UGT1A9 and 2B7...,1
Cannabidiol (lower doses),First four lines of treatment for chronic myeloid leukaemia,Case reports complement these elements by reporting clinically significant inhibition when lower doses are used.,1
Cannabidiol,First four lines of treatment for chronic myeloid leukaemia,"There is a risk of drug-drug interaction/herb-drug interaction, even at low doses.",1
Cannabidiol,None specified,The use of cannabidiol is strongly discouraged.,1
Amiodarone,Apixaban,"Amiodarone, a weak CYP3A4 and moderate P-gp inhibitor, has the potential to reduce the clearance of these factor Xa (FXa) inhibitors.",1
Amiodarone,Rivaroxaban,"Amiodarone, a weak CYP3A4 and moderate P-gp inhibitor, has the potential to reduce the clearance of these factor Xa (FXa) inhibitors.",1
Apixaban,Amiodarone,Four patients prescribed apixaban with amiodarone had INRs greater than or equal to 3,1
Xihuang pill (XHP),temozolomide (TMZ),XHP and TMZ demonstrated a synergistic effect in GECs.,0
rifampin,fipaxalparant,A single rifampin 600 mg dose caused 1.48-fold and 1.86-fold increases in fipaxalparant Cmax,1
EZA (Enzalutamide),ENG (Elastin Nanogel),"The EZA + ENG group demonstrated reduced toxicity relative to free-form EZA across both phenotypic and molecular parameters, suggesting improved biocompatibility and potential for safer drug delivery.",1
bedaquiline,pretomanid,"Both modeling methods identified consistent interaction patterns, including antagonistic interactions when bedaquiline was combined with either pretomanid or linezolid.",1
bedaquiline,linezolid,"Both modeling methods identified consistent interaction patterns, including antagonistic interactions when bedaquiline was combined with either pretomanid or linezolid.",1
pyrazinamide,bedaquiline,Pyrazinamide has emerged as the most effective companion for both bedaquiline and pretomanid.,1
pyrazinamide,pretomanid,Pyrazinamide has emerged as the most effective companion for both bedaquiline and pretomanid.,1
Letrozole,Abemaciclib,"Letrozole demonstrated direct inhibition of CYP3A4, reducing the formation of abemaciclib's main metabolites.",1
Abemaciclib metabolites (N-desethylabemaciclib and hydroxyabemaciclib),CYP3A4,"Additionally, abemaciclib metabolites further inhibited CYP3A4...",0
Abemaciclib,Letrozole,"This study highlights significant interactions between abemaciclib and letrozole, particularly their combined inhibitory effects on CYP3A4.",1
tirzepatide,lithium,"Although many other medications seem to be at risk for decreased absorption, tirzepatide may enhance the absorption of lithium.",1
NYX-783,Oxycodone,NYX-783 reduced oxycodone's calmative effects (p < .0005),1
Loperamide,CYP or P-gp inhibitors,Increasing case reports have described exaggerated peripheral opioid effects and cardiac toxicities when ultra-high doses (> 70 mg) of loperamide are consumed alone and with CYP or P-gp inhibitors.,1
nimodipine,polysorbate 80,Mechanistic investigations using rat liver microsomes demonstrated that polysorbate 80 competitively inhibited nimodipine metabolism with an IC,1
Rifampin,CYP Induction,finding alternatives to rifampin for CYP induction and Organic Anion Transporting polypeptide 1B (OATP1B) inhibition due to nitrosamine: reduced and non-selective induction by drugs like carbamazepine and phenytoin or non-selective OATP inhibition by cyclosporine,1
Carbamazepine,CYP Induction,finding alternatives to rifampin for CYP induction and Organic Anion Transporting polypeptide 1B (OATP1B) inhibition due to nitrosamine: reduced and non-selective induction by drugs like carbamazepine and phenytoin or non-selective OATP inhibition by cyclosporine,1
Phenytoin,CYP Induction,finding alternatives to rifampin for CYP induction and Organic Anion Transporting polypeptide 1B (OATP1B) inhibition due to nitrosamine: reduced and non-selective induction by drugs like carbamazepine and phenytoin or non-selective OATP inhibition by cyclosporine,1
Cyclosporine,OATP Inhibition,finding alternatives to rifampin for CYP induction and Organic Anion Transporting polypeptide 1B (OATP1B) inhibition due to nitrosamine: reduced and non-selective induction by drugs like carbamazepine and phenytoin or non-selective OATP inhibition by cyclosporine,1
Tacrolimus,Hypoglycaemic drugs,Tacrolimus combining hypoglycaemic drugs would induce hyperglycaemia,1
Tacrolimus,Pachymic acid,"Tacrolimus significantly increased the blood glucose of rats, and pachymic acid increased Cmax of tacrolimus",1
Fexinidazole,Midazolam,"Contrary to the in vitro predictions, fexinidazole significantly reduced midazolam exposure in vivo, resulting in a reduction of 39% in C",1
Fexinidazole,CYP3A4/5 substrates,"Thus, it is suggested to update the product information by including the potential for CYP3A4/5 induction in vitro, removing the risk of CYP3A4 inhibition in vivo, and adding clinical interaction data highlighting the risk of induction on drugs predominantly metabolised by CYP3A4/5.",1
Fexinidazole,CYP3A4 substrates,In vitro studies have shown that fexinidazole inhibits and weakly induces CYP3A4/5.,1
Rifampicin,Praziquantel,A 4-week washout period after rifampicin discontinuation is critical before praziquantel administration.,1
Triazoles,Vinca Alkaloids (VAs),More patients experienced severe neurotoxicity when treated with the combination of triazoles and VAs than with VAs monotherapy.,1
lorazepam,warfarin,"The patient was discharged with a plan for close INR monitoring. Following the initiation of lorazepam and olanzapine for a comorbid psychiatric condition, he re-presented with bleeding manifestations due to warfarin overdose.",1
olanzapine,warfarin,"The patient was discharged with a plan for close INR monitoring. Following the initiation of lorazepam and olanzapine for a comorbid psychiatric condition, he re-presented with bleeding manifestations due to warfarin overdose.",1
Triacetyl-oleandomycin,Monensin (MON),"The agreement between enzymatic data and in silico predictions indicates that TIL, TUL, and GAM are weaker inhibitors of CYP3A-mediated MON metabolism.",1
Tilmicosin (TIL),Monensin (MON),"All macrolides inhibited MON metabolism, but the extent of inhibition observed with triacetyl-oleandomycin was higher than that produced by TIL, TUL, and GAM.",1
Tulathromycin (TUL),Monensin (MON),"All macrolides inhibited MON metabolism, but the extent of inhibition observed with triacetyl-oleandomycin was higher than that produced by TIL, TUL, and GAM.",1
Gamithromycin (GAM),Monensin (MON),"All macrolides inhibited MON metabolism, but the extent of inhibition observed with triacetyl-oleandomycin was higher than that produced by TIL, TUL, and GAM.",1
Mirtazapine,Quetiapine,"Mirtazapine-quetiapine (26.3%, 10/48) was the interacting drug pair most commonly associated with tachycardia and QT prolongation.",1
QT-interval prolonging drugs,Other QT-interval prolonging drugs,Special attention should be paid to older patients taking more than one QT-interval prolonging drug.,1
cobicistat,olaparib,"PK boosting of the anticancer drug olaparib with the potent Cytochrome P450 (CYP3A)-inhibitor cobicistat can improve oral bioavailability, tolerability, and affordability.",1
cobicistat,comedications,Patients who received olaparib between April 2017 and February 2024 were included. Comedications at the start of olaparib treatment were screened for potential DDIs with cobicistat if PK boosting would have been initiated in these patients.,0
cobicistat,comedication,"With the recommended interventions, 14% of patients had a DDI that required additional monitoring and 1% had a contra-indicated DDI.",0
pantoprazole,clozapine,clinicians should consider concomitant acid-reducing agents when interpreting clozapine therapeutic drug monitoring results.,1
carvacrol,chloroquine,Our findings demonstrate that chloroquine potentiates the anticancer activity of carvacrol in metastatic melanoma cells.,1
Panduratin A,GS-5801,Co-treatment with GS-5801 produced synergistic activity,1
Panduratin A,NVR-3778,combination with NVR-3778 yielded additive antiviral effects,1
Bictegravir (BIC),Aluminum/magnesium-containing antacid,Administration of BIC 2 hours or more before aluminum/magnesium-containing antacids are some of the effective strategies to mitigate chelation effects on BIC exposure.,1
Bictegravir (BIC),Calcium carbonate,BIC exposure was reduced by 33% when co-administered with calcium carbonate under fasted conditions.,1
Bictegravir (BIC),Ferrous fumarate,BIC exposure was reduced by 63% when co-administered with ferrous fumarate under fasted conditions.,1
Bictegravir (BIC),Calcium/iron-containing supplements,Co-administration of BIC and calcium/iron-containing supplements with a meal reduced the impact of the interaction.,1
sertraline,escitalopram,sequential administration of two selective serotonin reuptake inhibitors (sertraline and escitalopram),1
sertraline,rasagiline,following the sequential administration of two selective serotonin reuptake inhibitors (sertraline and escitalopram) while on a stable regimen of the monoamine oxidase-B inhibitor rasagiline,1
escitalopram,rasagiline,following the sequential administration of two selective serotonin reuptake inhibitors (sertraline and escitalopram) while on a stable regimen of the monoamine oxidase-B inhibitor rasagiline,1
SSRIs,"Opioids (e.g., tramadol, fentanyl, oxycodone)","Concomitant SSRI-opioid combinations were uniquely associated with cardiac disorders (ROR 1.87, 95% CI 1.77-1.98)",1
SNRIs,"Opioids (e.g., tramadol, fentanyl, oxycodone)",Concomitant SNRI-opioid use was linked to drug withdrawal syndrome,0
Itraconazole,Erlotinib,plasma ERL concentrations increased following coadministration of itraconazole (ITCZ),1
Isavuconazole,Concomitant medications (CYP3A4 pathway competitors),possible competition within the CYP3A4 pathway from concomitant medications,1
voriconazole,selpercatinib,This case suggests that doctors and clinician pharmacists should be aware of the potential interaction between selpercatinib and voriconazole...,1
CYP3A4 inhibitors,selpercatinib,...avoid the use of CYP3A4 inhibitors during selpercatinib treatment...,1
Tocilizumab (TCZ),Methotrexate,occurrence of anti-cyclic citrullinated peptide (CCP) positivity,1
Tocilizumab (TCZ),Hydroxychloroquine,occurrence of anti-cyclic citrullinated peptide (CCP) positivity,1
Tocilizumab (TCZ),Leflunomide,"occurrence of anti-cyclic citrullinated peptide (CCP) positivity, hand deformity",1
Tocilizumab (TCZ),Prednisone,"pemphigus, hand deformity, glossodynia, pericarditis",1
Tocilizumab (TCZ),Diclofenac,"heightened vigilance is warranted for anti-CCP positive, rheumatic fever, duodenal ulcer perforation",1
DOACs,Antidepressants,"Concomitant use of DOACs with antidepressants was associated with a significant increase in overall bleeding risk (reporting odds ratio [ROR] = 1.45, 95% confidence interval [CI]: 1.29-1.63).",0
DOACs,Selective serotonin reuptake inhibitors (SSRIs),"Selectively serotonin reuptake inhibitors (SSRIs) presented the highest class risk (ROR 1.78, 95% CI 1.54-2.04)",0
DOACs,Paroxetine,"apixaban plus paroxetine showing the strongest signal (ROR 14.12, 95% CI 7.62-26.15)",0
DOACs,Mirtazapine,"Notably, mirtazapine significantly increased nervous system bleeding risk (ROR 9.83, 95% CI 4.92-19.67)",0
fluoxetine,HRM (harmine),Both fluoxetine and paroxetine increased HRM exposure...,1
paroxetine,HRM (harmine),Both fluoxetine and paroxetine increased HRM exposure...,1
fluoxetine,"DMT (N,N-dimethyltryptamine)",...produced moderate increases in DMT systemic concentrations.,1
paroxetine,"DMT (N,N-dimethyltryptamine)",...produced moderate increases in DMT systemic concentrations.,1
Escitalopram,Quetiapine,pharmacodynamic synergism with low-dose quetiapine,1
matcha,nadolol,...may inhibit the transport of P-glycoprotein (P-gp) substrates such as nadolol.,0
matcha multiple-dose,nadolol,...the t½ (h) of nadolol increased significantly from 4.0 ± 1.6 in the control group to 7.7 ± 4.2 (p = .039) in the matcha multiple-dose group.,1
itraconazole,nadolol,"...itraconazole co-administration significantly increased systemic exposure (AUC) of nadolol (p = .009), confirming the validity of the animal model.",1
Famotidine,Valproic acid,This case describes an extremely rare drug-to-drug interaction of valproic acid and famotidine leading to acute altered mental status in a pediatric patient.,1
Valproic acid,Famotidine,"While causality cannot be established from a single case, clinicians should consider this potential interaction when new medications are added to a stable valproic acid regimen...",1
metamizole,"CYP3A4, CYP2B6, CYP2C19 inhibitors","Metamizole is a moderate inducer of cytochrome P450 enzymes (CYP3A4, CYP2B6, CYP2C19)",1
metamizole,interacting medications,"In total, 3680 DDIs were identified, corresponding to an average of 3.8 DDIs per metamizole prescription.",1
Rifapentine,Voriconazole,the waning enzyme-induction effect may subsequently lead to supra-therapeutic exposure and potential toxicity,1
dabigatran,levofloxacin,"TDM showed significantly elevated peak dabigatran concentrations with levofloxacin (133.36 ng/mL, p = 0.001)",1
dabigatran,ciprofloxacin,"FAERS analysis identified a significant reporting signal for bleeding for dabigatran coadministered with FQNs (adj. ROR = 4.68, 95% CI: 3.41-6.55), particularly ciprofloxacin (adj. ROR = 3.84)",1
SGR-1505,Posaconazole,"The CYP3A4 drug-drug interaction potential of SGR-1505 was evaluated by co-administration with posaconazole, a strong CYP3A4 inhibitor.",1
niraparib,caffeine,"a weak induction risk is predicted with sensitive CYP1A2 substrates, such as caffeine",1
niraparib,olaparib,both niraparib and olaparib clinically increase serum creatinine in cancer patients,1
niraparib,metformin,"up to a moderate inhibition risk predicted with MATE-1/-2K substrates, such as metformin",1
imlunestrant,omeprazole,"PK parameters were statistically significantly increased with GLS mean ratios (90% CI): 1.99 (1.67, 2.36) in AUC",1
imlunestrant,low-fat food intake,Low-fat food intake resulted in increases of ∼2-fold in AUC and ∼3.6-fold in C,1
acacetin,proguanil,"Acacetin inhibited the metabolism of proguanil in both RLM and HLM, with an inhibition rate of 80.4 % in RLM and 78.3 % in HLM, respectively.",1
naltrexone,morphine,naltrexone (0.1 mg/kg) fully antagonized morphine's effects,1
rimonabant,THC,"rimonabant (0.32, 1, and 3.2 mg/kg) partially inhibited THC cue",1
fentanyl,morphine,fentanyl (0.1 mg/kg) fully substituted for the morphine cue,1
cannabidiol,THC,cannabidiol did not substitute (10 mg/kg) or partially substituted (3 and 50 mg/kg) for the THC cue,1
ketamine,THC,"However, their coadministration with cannabinoids may lead to pronounced sedative-like suppression.",1
Imapextide,Rosuvastatin,Minimal non-clinically relevant DDI occurred with rosuvastatin.,0
Imapextide,Acetaminophen,"Imapextide drug-drug interactions (DDI) of OATP1B1/OATP1B3 inhibition were evaluated with coproporphyrin-I, rosuvastatin, and acetaminophen.",0
Imapextide,Coproporphyrin-I,"Imapextide drug-drug interactions (DDI) of OATP1B1/OATP1B3 inhibition were evaluated with coproporphyrin-I, rosuvastatin, and acetaminophen.",0
Imapextide,None specified,Imapextide slightly accelerated gastric emptying.,0
Toosendanin,Tamoxifen,"This interaction leads to a potentially significant pharmacokinetic risk when toosendanin is co-administered with tamoxifen, potentially potentiating its exposure.",1
Toosendanin,CYP2D6 activity,"Furthermore, toosendanin exhibited a half-maximal inhibitory concentration of 11.50 µm for CYP2D6 activity.",1
Enzalutamide,Warfarin,"Enzalutamide and apalutamide are strong inducers of CYP3A4, which may reduce exposure to warfarin",1
Enzalutamide,Apixaban,which may reduce exposure to apixaban,1
Enzalutamide,Rivaroxaban,which may reduce exposure to rivaroxaban,1
Apalutamide,P-glycoprotein (P-gp),induces P-gp,1
Apalutamide,Direct Oral Anticoagulants (DOACs),has DDIs with all direct oral anticoagulants (DOACs),1
Darolutamide,Warfarin,"Darolutamide and abiraterone exhibit minimal CYP450 induction and inhibition, and do not interact with warfarin",1
Darolutamide,Direct Oral Anticoagulants (DOACs),do not interact with DOACs,1
Abiraterone,Warfarin,"Darolutamide and abiraterone exhibit minimal CYP450 induction and inhibition, and do not interact with warfarin",1
Abiraterone,Direct Oral Anticoagulants (DOACs),do not interact with DOACs,1
CBD,amitriptyline,A single dose of 30 mg CBD significantly influenced the metabolism of amitriptyline in healthy volunteers.,1
CBD,tramadol,"In patients, CBD-induced drug interactions may be more pronounced in chronic dosing and dependent upon prandial status.",1
SGLT2 inhibitors,Rifampin,strong enzyme inducers such as rifampin can reduce systemic exposure,1
Dexmedetomidine,Risperidone,elevated DDIs of dexmedetomidine with risperidone,1
Dexmedetomidine,Albuterol,elevated DDIs of dexmedetomidine with albuterol,1
MTX,TMP-SMX,"Among the most dangerous drug interactions is the combination of MTX with trimethoprim-sulfamethoxazole (TMP-SMX), which creates synergistic toxicity.",1
Suraxavir marboxil (GP681),CYP3A4 inhibitors,primarily metabolized by cytochrome P450 3A4 (CYP3A4),1
Suraxavir marboxil (GP681),Itraconazole,strong CYP3A4 inhibitor itraconazole,1
Dihydrocapsaicin (DHC),Efavirenz (EFV),"Drug-drug interactions were observed between DHC and EFV, altering the pharmacokinetics of EFV both in vivo and in vitro. The dosage of capsaicin should be monitored and adjusted in patients receiving EFV maintenance therapy.",1
neratinib,palbociclib,"Pharmacokinetic analysis indicated a drug-drug interaction between neratinib and palbociclib via the CYP3A4 metabolism pathway, leading to decreased clearance and increased plasma exposure of both drugs.",1
oxaliplatin,amlodipine,which provides key clinical evidence for reducing the incidence of cardiovascular complications and optimizing multi-drug combination therapy in cancer patients.,1
citalopram,hydrocodone,"initiating citalopram, escitalopram, fluoxetine, or paroxetine while on hydrocodone was associated with an increased risk of opioid overdose compared with sertraline.",1
escitalopram,hydrocodone,"initiating citalopram, escitalopram, fluoxetine, or paroxetine while on hydrocodone was associated with an increased risk of opioid overdose compared with sertraline.",1
fluoxetine,hydrocodone,"initiating citalopram, escitalopram, fluoxetine, or paroxetine while on hydrocodone was associated with an increased risk of opioid overdose compared with sertraline.",1
paroxetine,hydrocodone,"initiating citalopram, escitalopram, fluoxetine, or paroxetine while on hydrocodone was associated with an increased risk of opioid overdose compared with sertraline.",1
sertraline,hydrocodone,"initiating citalopram, escitalopram, fluoxetine, or paroxetine while on hydrocodone was associated with an increased risk of opioid overdose compared with sertraline.",1
citalopram,escitalopram,"Weighted hazard ratios (HRs) for opioid overdose, using citalopram as the reference, were 0.99 (0.83-1.17) for escitalopram",1
citalopram,fluoxetine,"Weighted hazard ratios (HRs) for opioid overdose, using citalopram as the reference, were 1.07 (0.91-1.27) for fluoxetine",1
citalopram,paroxetine,"Weighted hazard ratios (HRs) for opioid overdose, using citalopram as the reference, were 0.97 (0.79-1.18) for paroxetine",1
escitalopram,fluoxetine,"Weighted hazard ratios (HRs) for opioid overdose, using citalopram as the reference, were 1.09 (0.92-1.30) for fluoxetine",1
escitalopram,paroxetine,"Weighted hazard ratios (HRs) for opioid overdose, using citalopram as the reference, were 0.98 (0.80-1.20) for paroxetine",1
fluoxetine,paroxetine,"Weighted hazard ratios (HRs) for opioid overdose, using citalopram as the reference, were 0.90 (0.74-1.10) for paroxetine",1
Rifampin,Ethinyl estradiol (EE),"Rifampin co-treatment had no significant impact on PK parameters of SA, but the 90% confidence intervals of geometric mean ratios (GMR) for AUC and C showed that rifampin reduced systemic exposure of EE.",1
shikonin,iloperidone (ILP),Shikonin significantly inhibited CYP3A4- and CYP2D6-mediated metabolism in both rat liver microsomes (RLM) and human liver microsomes (HLM).,1
Shikonin,Asciminib,Pharmacokinetic results showed that shikonin increased the AUC,1
LEV (Levetiracetam),BU (Busulfan),"Compared with PHT, LEV prophylaxis is associated with higher BU blood concentration and a higher AUC",1
Fruquintinib,Rosuvastatin,"No explicit interaction mentioned for Rosuvastatin, but it is a BCRP substrate and Fruquintinib's effect on BCRP substrates was investigated",1
sotorasib,tacrolimus,marked reductions in tacrolimus trough concentrations shortly after initiation of sotorasib therapy,1
sotorasib,everolimus,marked reductions in everolimus trough concentrations shortly after initiation of sotorasib therapy,1
warfarin,linezolid,A fatal drug interaction of linezolid and warfarin was reported in this case...,1
gabapentinoids,statins,"particularly when co-administered with statins (as observed in 7 cases where symptom onset occurred following combination therapy), drug-drug interactions may lead to accumulation of medicinal products, thereby significantly increasing the risk of rhabdomyolysis.",1
Phenytoin,Folic acid,co-administration of phenytoin with folic acid may prevent deficiency without affecting plasma concentrations or drug efficacy,1
Phenytoin,Piperine,potential absorption and increases in plasma levels,1
Phenytoin,Noni,"combination of noni and phenytoin should be avoided, as it may reduce phenytoin concentrations to subtherapeutic levels",1
simnotrelvir/ritonavir,voriconazole,"Moreover, the interaction persisted even after discontinuation of simnotrelvir/ritonavir, necessitating dynamic dose adjustments guided by therapeutic drug monitoring.",1
clozapine,zopiclone,"When patients with BD have no combined medication of zopiclone or zolpidem tartrate, the recommended doses of clozapine for patients at 40-45 kg, 45-60 kg, 60-78 kg, 78-106 kg, and 106-120 kg are 10 mg/kg/day, 9 mg/kg/day, 8 mg/kg/day, 7 mg/kg/day, and 6 mg/kg/day, respectively. When patients with BD are combined with zopiclone, the recommended doses of clozapine for patients at 40-60 kg and 60-120 kg are 4 mg/kg/day and 3 mg/kg/day, respectively.",1
clozapine,zolpidem tartrate,"When patients with BD have no combined medication of zopiclone or zolpidem tartrate, the recommended doses of clozapine for patients at 40-45 kg, 45-60 kg, 60-78 kg, 78-106 kg, and 106-120 kg are 10 mg/kg/day, 9 mg/kg/day, 8 mg/kg/day, 7 mg/kg/day, and 6 mg/kg/day, respectively. When patients with BD are combined with zolpidem tartrate, the recommended doses of clozapine for patients at 40-52 kg and 52-120 kg are 5 mg/kg/day and 4 mg/kg/day, respectively.",1
anastrozole,levofloxacin,High-risk drug combinations included anastrozole + levofloxacin (Ω = 4.23),1
duloxetine,ondansetron,High-risk drug combinations included duloxetine + ondansetron (Ω = 4.29),1
amphotericin B,fluoxetine,High-risk drug combinations included amphotericin B + fluoxetine (Ω = 4.30),1
quetiapine,sertindole,High-risk drug combinations included quetiapine + sertindole (Ω = 4.25),1
risperidone,sulfamethoxazole/trimethoprim,High-risk drug combinations included risperidone + sulfamethoxazole/trimethoprim (Ω = 4.16),1
Rifampicin,Codeine,"Rifampicin, a known cytochrome P450 enzyme inducer, increases metabolism of codeine...",1
Rifampicin,Loperamide,...and increases metabolism of both codeine and loperamide,1
Rifamycin (RIF),"DPP-4 inhibitors (saxagliptin, gemigliptin, evogliptin)",RIF significantly reduced the plasma exposure of DPP4i,1
CTX (cyclophosphamide),"licorice-derived compounds (liquiritin, isoliquiritigenin, formononetin, glycyrrhetinic acid)","Co-administration with CTX further increased the absorption of ginsenosides but markedly reduced the exposure and accelerated the clearance of licorice-derived compounds (liquiritin, isoliquiritigenin, formononetin, and glycyrrhetinic acid).",1
CTX (cyclophosphamide),licorice-derived compounds (glycyrrhetinic acid),"Co-administration with CTX further increased the absorption of ginsenosides but markedly reduced the exposure and accelerated the clearance of licorice-derived compounds (liquiritin, isoliquiritigenin, formononetin, and glycyrrhetinic acid).",1
CTX (cyclophosphamide),ginsenosides,"Co-administration with CTX further increased the absorption of ginsenosides but markedly reduced the exposure and accelerated the clearance of licorice-derived compounds (liquiritin, isoliquiritigenin, formononetin, and glycyrrhetinic acid).",1
Shenqi Oral Liquid (SQ),Atorvastatin (ATV),These findings suggest that dose adjustment of ATV may be necessary during combination therapy...,1
CDK4/6 inhibitors,OATP1B substrates (CDCA-24G and paclitaxel),"However, ribociclib, the most potent OATP1B inhibitor, did not influence the pharmacokinetics or pharmacodynamics of the OATP1B substrates CDCA-24G or paclitaxel.",1
Ribociclib,Simvastatin,"Based on two cases of severe rhabdomyolysis in patients taking a CDK4/6 inhibitor and simvastatin, a CYP3A and OATP1B substrate...",1
Linezolid,Rifampicin (high dose),"However, twice-daily linezolid may mitigate this effect and maintain therapeutic concentrations.",1
Phenobarbital (PB),Anticoagulants,Data suggest that PB does lead to clinically significant DDIs in multiple classes of medications.,1
Phenobarbital (PB),Antimicrobials,Data suggest that PB does lead to clinically significant DDIs in multiple classes of medications.,1
Phenobarbital (PB),Immunosuppressants,Data suggest that PB does lead to clinically significant DDIs in multiple classes of medications.,1
Busulfan,Phenytoin,"Interactions with medications known to affect CYP3A4, including phenytoin...",1
Busulfan,Metronidazole,"Interactions with medications known to affect CYP3A4, including metronidazole...",1
Busulfan,Rifampin,...accelerated busulfan clearance determined to be due to rifampin's effect on busulfan metabolism.,1
ritonavir,concomitantly administered drugs that are substrates of CYP3A4,may increase exposure to concomitantly administered drugs that are substrates of cytochrome P450 (CYP) 3A4,1
nifedipine,telmisartan,"the patient's plasma trough concentrations of nifedipine increased approximately four-fold and seven-fold at 24 and 96 h after initiation, respectively",1
melatonin,"concomitant medications metabolized through shared hepatic pathways with melatonin (e.g., acetaminophen, metamizole, omeprazole)","All affected patients were women taking polymedications metabolized through shared hepatic pathways with melatonin, suggesting a possible interaction leading to hepatic overload.",1
melatonin,"concomitant medications sharing liver metabolization pathways with melatonin (e.g., acetaminophen, metamizole, omeprazole)","This is attributed to a probable pharmacokinetic drug-drug interaction with concomitant medications sharing liver metabolization pathways with melatonin, leading to CYP450 metabolic pathways saturation.",1
nirmatrelvir/ritonavir,CYP3A4 inducers among antiepileptic drugs,Moderate or strong CYP3A4 inducers among antiepileptic drugs should be dose-adjusted in patients taking nirmatrelvir/ritonavir.,1
antiepileptic drugs,nirmatrelvir/ritonavir,Interactions with antiepileptic drugs are bidirectional.,1
verapamil,glasmacinal,the effect of verapamil (moderate CYP3A4 inhibitor and P-gp inhibitor) on the PK of glasmacinal,1
leflunomide,prednisolone,"Most frequent pDDIs were leflunomide–prednisolone (Lexidrug, 17.3%)",1
folic acid,methotrexate,"Most frequent pDDIs were folic acid–methotrexate (Micromedex, 15.1%)",1
ritonavir,nirmatrelvir,"Nirmatrelvir boosted with ritonavir is a key antiviral against COVID-19, yet ritonavir's potent CYP3A4 inhibition exposes patients to numerous drug-drug interactions. Nirmatrelvir/ritonavir was ultimately contraindicated in 26 patients.",1
statins,nirmatrelvir/ritonavir,"Among the 831 interacting medication lines, the main drug classes involved: statins (17.7%, 147/831)",1
immunosuppressants,nirmatrelvir/ritonavir,"Among the 831 interacting medication lines, the main drug classes involved: immunosuppressants (12.0%, 100/831)",1
direct oral anticoagulants,nirmatrelvir/ritonavir,"Among the 831 interacting medication lines, the main drug classes involved: direct oral anticoagulants (10.5%, 87/831)",1
aficamten,carbamazepine,Treatment with carbamazepine decreased aficamten exposure by 50%,1
aficamten,itraconazole,"Minor increases in aficamten exposure (area under the curve) were observed following treatment with itraconazole (26%), paroxetine (27%), and fluoxetine (32%) compared with aficamten alone",1
aficamten,paroxetine,"Minor increases in aficamten exposure (area under the curve) were observed following treatment with itraconazole (26%), paroxetine (27%), and fluoxetine (32%) compared with aficamten alone",1
aficamten,fluoxetine,"Minor increases in aficamten exposure (area under the curve) were observed following treatment with itraconazole (26%), paroxetine (27%), and fluoxetine (32%) compared with aficamten alone",1
aficamten,fluconazole,"Concomitant administration of aficamten with fluconazole, a multi-P450 inhibitor, resulted in a 278% increase in aficamten exposure",1
aficamten,dabigatran etexilate,A small increase (26%-27%) in dabigatran exposure was observed in the presence of aficamten; indicative of weak inhibition of P-gp,1
Thiazides,"Fluoropyrimidines (5-FU, capecitabine)",The European Summary of Product Characteristics (SmPC) for 5-FU warns of significant granulocyte decline when combined with thiazides...,1
Thiazides,Cyclophosphamide,"The European Summary of Product Characteristics (SmPC) for 5-FU warns of significant granulocyte decline when combined with thiazides, cyclophosphamide...",1
Thiazides,Methotrexate,"The European Summary of Product Characteristics (SmPC) for 5-FU warns of significant granulocyte decline when combined with thiazides, cyclophosphamide, or methotrexate...",1
Thiazides,Capecitabine,We conducted a retrospective cohort study to compare myelotoxicity in patients receiving fluoropyrimidines with or without thiazides.,1
PPIs (Proton-pump inhibitors),IO-IO therapy (ipilimumab plus nivolumab),"PPI use was significantly associated with shorter OS in patients receiving IO-IO therapy (median OS, 23.34 months vs. not reached; P = .002)",1
PPIs (Proton-pump inhibitors),IO-TKI therapy,No significant differences in PFS or ORR were observed between PPI users and nonusers in those receiving IO-TKI therapy,1
PPIs (Proton-pump inhibitors),IO-IO therapy,"Caution is advised when prescribing PPIs to patients undergoing ICI-based therapy, particularly IO-IO regimens",1
albendazole,77 drugs,The aim of this study was to investigate the potential inhibitory effects of 77 drugs on the metabolism of albendazole,1
albendazole,apatinib,further to elaborate the inhibitory mechanism of apatinib on albendazole metabolism in vitro and in vivo,1
Amitriptyline,CYP2D6 poor metaboliser status,"For CYP2D6 poor metabolisers (PM), dose reductions are advised for amitriptyline",1
Clomipramine,CYP2D6 poor metaboliser status,"For CYP2D6 poor metabolisers (PM), dose reductions are advised for clomipramine",1
Doxepin,CYP2D6 poor metaboliser status,"For CYP2D6 poor metabolisers (PM), dose reductions are advised for doxepin",1
Imipramine,CYP2D6 poor metaboliser status,"For CYP2D6 poor metabolisers (PM), dose reductions are advised for imipramine",1
Nortriptyline,CYP2D6 poor metaboliser status,"For CYP2D6 poor metabolisers (PM), dose reductions are advised for nortriptyline",1
Amitriptyline,CYP2D6 intermediate metaboliser status,For CYP2D6 intermediate metabolisers (IM) reduced dose is also recommended for amitriptyline,1
Clomipramine,CYP2D6 intermediate metaboliser status,For CYP2D6 intermediate metabolisers (IM) reduced dose is also recommended for clomipramine,1
Doxepin,CYP2D6 intermediate metaboliser status,For CYP2D6 intermediate metabolisers (IM) reduced dose is also recommended for doxepin,1
Imipramine,CYP2D6 intermediate metaboliser status,For CYP2D6 intermediate metabolisers (IM) reduced dose is also recommended for imipramine,1
Nortriptyline,CYP2D6 intermediate metaboliser status,For CYP2D6 intermediate metabolisers (IM) reduced dose is also recommended for nortriptyline,1
Amitriptyline,CYP2D6 ultra-rapid metaboliser status,For CYP2D6 ultra-rapid metabolisers (UM) require tailored dose adjustments: amitriptyline,1
Clomipramine,CYP2D6 ultra-rapid metaboliser status,For CYP2D6 ultra-rapid metabolisers (UM) require tailored dose adjustments: clomipramine,1
Doxepin,CYP2D6 ultra-rapid metaboliser status,For CYP2D6 ultra-rapid metabolisers (UM) require tailored dose adjustments: doxepin,1
Imipramine,CYP2D6 ultra-rapid metaboliser status,For CYP2D6 ultra-rapid metabolisers (UM) require tailored dose adjustments: imipramine,1
Nortriptyline,CYP2D6 ultra-rapid metaboliser status,For CYP2D6 ultra-rapid metabolisers (UM) require tailored dose adjustments: nortriptyline,1
Imipramine,CYP2C19 poor metaboliser status,"For CYP2C19 PM, a 70% dose reduction is advised for imipramine",1
Clomipramine,CYP2C19 ultra-rapid metaboliser status (in anxiety and OCD),"For CYP2C19 UM, an alternative medication is recommended for clomipramine prescribed for anxiety and obsessive-compulsive disorder (OCD)",1
amiodarone,apixaban,Four patients prescribed apixaban with amiodarone had INRs greater than or equal to 3.,1
Xihuang pill (XHP),AMPK agonist,"The impact of the AMPK pathway was investigated using an AMPK agonist. XHP also decreased AMPK signaling, activating dual pyroptosis-associated pathways, which could be reversed by an AMPK agonist.",0
fipaxalparant,pirfenidone/nintedanib,The study demonstrated no relevant mutual DDIs between fipaxalparant and pirfenidone/nintedanib at clinical doses.,1
fipaxalparant,itraconazole,There was no effect of itraconazole 400 mg on fipaxalparant exposure.,1
fipaxalparant,rifampin,A single rifampin 600 mg dose caused 1.48-fold and 1.86-fold increases in fipaxalparant C,1
trametinib (TRA),regorafenib (REG) and its metabolites,to assess the impact of trametinib (TRA) on their pharmacokinetic profiles,1
DOACs,Gastrointestinal bleeding,DDIs with DOACs were associated with gastrointestinal bleeding (2.80 [1.35-5.81]).,0
CNS drugs,Stroke,DDIs with CNS drugs were associated with stroke (1.19 [1.09-1.29]).,1
CNS drugs,Falls,DDIs with CNS drugs were associated with falls (1.32 [1.27-1.39]).,0
Emicizumab,FVIII (Recombinant FVIII),"A synergistic interaction between emicizumab and FVIII was observed, resulting in enhanced endogenous thrombin potential and peak thrombin generation beyond the levels expected from either agent alone.",1
Emicizumab,FVIII (Endogenous),"Emicizumab binds to FIX/IXa and FX with considerably lower affinity than FVIIIa, suggesting that FVIII may outcompete emicizumab when present at higher concentrations.",1
Pentamidine,Clopidogrel,"concomitant use of clopidogrel, an organic cation transporter 1 (OCT1) inhibitor that may affect pentamidine disposition",1
efavirenz,tolbutamide,MD efavirenz caused more than 50% increase in median tolbutamide AUC,1
Abemaciclib,CYP3A4 (enzyme),The study confirmed CYP3A4 as the primary enzyme metabolizing abemaciclib.,1
antihistamines,drugs for depression,possible increases in MCM risk with antihistamines (1.64 (1.14-2.28)),1
levothyroxine,drugs for depression,possible increases in MCM risk with levothyroxine (1.72 (1.12-2.53)),1
opioids,drugs for depression,potential decrease with opioids (0.51 (0.27-0.86),1
drugs for psychosis,drugs for depression,"for CHDs, drugs for psychosis (1.67 (1.01-2.60))",1
nonsteroidal anti-inflammatory/antirheumatic medications,drugs for depression,"for CHDs, nonsteroidal anti-inflammatory/antirheumatic medications (2.07 (1.23-3.25))",1
topical corticosteroid,drugs for depression,"for CHDs, topical corticosteroid (2.07 (1.02-3.71))",1
progesterone,drugs for depression,"for CHDs, progesterone (2.01 (1.06-3.45))",1
CYP or P-gp inhibitors,Loperamide,Increasing case reports have described exaggerated peripheral opioid effects and cardiac toxicities when ultra-high doses (> 70 mg) of loperamide are consumed alone and with CYP or P-gp inhibitors.,1
Rifampin,Carbamazepine,reduced and non-selective induction by drugs like carbamazepine,1
Rifampin,Phenytoin,reduced and non-selective induction by drugs like phenytoin,1
Cyclosporine,Organic Anion Transporting polypeptide 1B (OATP1B) substrates,non-selective OATP inhibition by cyclosporine,1
fexinidazole,midazolam,"Contrary to the in vitro predictions, fexinidazole significantly reduced midazolam exposure in vivo, resulting in a reduction of 39% in C",1
fexinidazole,CYP3A4 substrates,"Therefore, this study investigated the potential clinical drug-drug interactions (DDIs) of fexinidazole with CYP3A4 substrates.",1
fexinidazole,CYP3A4/5,"Thus, it is suggested to update the product information by including the potential for CYP3A4/5 induction in vitro,",1
dexamethasone,apatinib,"In rats, dexamethasone decreased apatinib exposure by inducing CYP3A expression",1
ketoconazole,apatinib,while ketoconazole increased exposure without altering CYP3A levels,1
vemurafenib,docetaxel,Our experiments showed that the most advantageous combination was the combination of vemurafenib with docetaxel for human melanoma lines-statistically significant synergy interaction for three cell lines.,1
vemurafenib,selumetinib,"Also noteworthy are the combinations: vemurafenib with selumetinib, and vemurafenib with mitoxantrone.",1
vemurafenib,mitoxantrone,"Also noteworthy are the combinations: vemurafenib with selumetinib, and vemurafenib with mitoxantrone.",1
cisplatin,mitoxantrone,"Also noteworthy are the combinations: cisplatin with mitoxantrone, vemurafenib with selumetinib, and vemurafenib with mitoxantrone.",1
cisplatin,docetaxel,"From a therapeutic point of view, the worst combination is cisplatin with docetaxel and cisplatin with selumetinib (interaction with a tendency to antagonism for the two cell lines).",1
cisplatin,selumetinib,"From a therapeutic point of view, the worst combination is cisplatin with docetaxel and cisplatin with selumetinib (interaction with a tendency to antagonism for the two cell lines).",1
encorafenib,midazolam,"At steady-state encorafenib plasma concentrations, midazolam plasma Cmax was reduced by approximately 50%.",1
mocravimod,itraconazole,"As mocravimod is co-administered with CYP3A4 inhibitors such as azoles or cyclosporin, the potential for drug-drug interactions (DDIs) was evaluated.",1
mocravimod,cyclosporin,The PK of mocravimod and mocravimod-phosphate were bioequivalent with or without co-administration of multiple doses of itraconazole and a moderate interaction is observed when co-administered with cyclosporin.,1
Letermovir (LMV),Cyclosporine,Acute heart failure and atrial fibrillation AE signals were detected when combined with cyclosporine.,1
Letermovir (LMV),Tacrolimus,"When used in combination with tacrolimus, one needs to be alert to the occurrence of aGVHD in skin/intestine.",1
Letermovir (LMV),Cyclosporine or Tacrolimus,There was a positive AE signal difference when LMV was combined with cyclosporine or tacrolimus.,1
rifampicin,pyridoxine,"Exclusion criteria were active tuberculosis or receipt of antituberculosis therapy within 6 months of hospitalisation, pregnancy or lactation, allergies to antituberculosis therapy, another investigational drug within the past month, chronic liver disease, heavy alcohol use, positive serum cryptococcal antigen, or anticipated significant drug-drug interaction with rifampicin.",1
ceftriaxone,antituberculosis therapy,All participants received 2 g intravenous ceftriaxone daily for 7 days. The primary endpoint was 28-day mortality analysed in the modified intention-to-treat population and in the subgroup with later confirmed tuberculosis.,1
high-dose antituberculosis therapy,ceftriaxone,Numerically more events of drug-induced liver injury occurred in the immediate high-dose group compared with any other group.,1
QT-interval prolonging drugs,Multiple drugs,Special attention should be paid to older patients taking more than one QT-interval prolonging drug.,1
clozapine,mirabegron,"mirabegron's moderate inhibition of CYP2D6, contributing to clozapine overdose",1
clozapine,cytochrome inhibitors (presumably mirabegron),Monitoring clozapine concentrations after introduction of clozapine's cytochrome inhibitors is recommended to prevent dose-dependent adverse effects such as sedation and falls,1
Pantoprazole,Clozapine,...clinicians should consider concomitant acid-reducing agents when interpreting clozapine therapeutic drug monitoring results.,1
Panduratin A,GS-5801 (KDM5 inhibitor),Co-treatment with GS-5801 produced synergistic activity,1
Panduratin A,NVR-3778 (capsid assembly modulator),combination with NVR-3778 yielded additive antiviral effects,1
rasagiline,sertraline or escitalopram,complicated by multiple organ failure in a patient with Parkinson's disease following the sequential administration of two selective serotonin reuptake inhibitors (sertraline and escitalopram) while on a stable regimen of the monoamine oxidase-B inhibitor rasagiline,1
SSRIs/SNRIs,"Opioids (e.g., tramadol, fentanyl, oxycodone)","Concomitant SSRI/SNRI-opioid use showed exceptionally strong signals for serotonin syndrome (SSRI-opioid ROR 95.94, 95% CI 88.9-103.53; SNRI-opioid ROR 57.68, 95% CI 52.32-63.59)",1
DOACs,antidepressants,"The proportion of bleeding events was 31.00% (64,165/207,000) in the DOACs monotherapy group versus 57.92% (307/530) in the DOACs-antidepressant combination therapy group.",0
DOACs,SSRIs,"Selective serotonin reuptake inhibitors (SSRIs) presented the highest class risk (ROR 1.78, 95% CI 1.54-2.04)",0
DOACs,paroxetine,"apixaban plus paroxetine showing the strongest signal (ROR 14.12, 95% CI 7.62-26.15)",0
DOACs,mirtazapine,"Nervous system bleeding was also elevated (ROR 1.86, 95% CI 1.44-2.40)",0
fluoxetine,DMT,Both fluoxetine and paroxetine increased HRM exposure and produced moderate increases in DMT systemic concentrations.,1
paroxetine,DMT,Both fluoxetine and paroxetine increased HRM exposure and produced moderate increases in DMT systemic concentrations.,1
fluoxetine,HRM,These effects were consistent with CYP2D6 inhibition and enhanced monoamine oxidase A blockade.,1
paroxetine,HRM,These effects were consistent with CYP2D6 inhibition and enhanced monoamine oxidase A blockade.,1
Apalutamide (Apa),Cyclosporine (CsA),A sustained DDI between Apa and CsA-a CYP3A4 substrate-,1
Apalutamide (Apa),CYP3A4 substrates,Careful monitoring is necessary when Apa is coadministered with CYP3A4 substrates,1
brusatol,cisplatin,intensifying dose-dependent nephrotoxicity,1
metamizole,"CYP3A4, CYP2B6, CYP2C19 inhibitors (e.g., other drugs)","Metamizole is a moderate inducer of cytochrome P450 enzymes (CYP3A4, CYP2B6, CYP2C19)",1
metamizole,interacting medications (orange and red),"Of the 98 interacting medications identified, 95% were classified as orange, and 5% as red.",1
voriconazole,rifapentine,the waning enzyme-induction effect may subsequently lead to supra-therapeutic exposure and potential toxicity,1
Dabigatran,Levofloxacin,"TDM showed significantly elevated peak dabigatran concentrations with levofloxacin (133.36 ng/mL, p < 0.001)",1
Dabigatran,Ciprofloxacin,"FAERS analysis identified a significant reporting signal for bleeding for dabigatran coadministered with FQNs (adj. ROR = 4.68, 95% CI: 3.41-6.55), particularly ciprofloxacin (adj. ROR = 3.84)",1
Miricorilant,"CYP3A4 Inhibitor (e.g., Ketoconazole, Itraconazole)",Miricorilant was a modest inhibitor of CYP3A4,1
Miricorilant,"CYP2C8 Inhibitor (e.g., Gemfibrozil, Fenofibrate)",Miricorilant was a strong inhibitor of CYP2C8,1
Miricorilant,"BCRP Inhibitor (e.g., Fexofenadine, Digoxin)",Miricorilant was a strong inhibitor of BCRP,1
Miricorilant,"CYP2C19 Inducer (e.g., Rifampicin, Carbamazepine)",Miricorilant showed a concentration-dependent induction of CYP3A4 (6.5-fold) in 1 out of 3 donors tested,1
Miricorilant,"CYP2C19 Inhibitor (e.g., Fluconazole, Erythromycin)",Miricorilant was a moderately sensitive substrate of CYP2C19,1
Miricorilant,"CYP3A4 Inducer (e.g., St. John's Wort, Rifampicin)",Miricorilant showed a concentration-dependent induction of CYP3A4 (6.5-fold) in 1 out of 3 donors tested,1
"SSRIs (sertraline, citalopram, escitalopram, fluoxetine, paroxetine)",oxycodone,may potentiate respiratory depression,1
citalopram,sertraline,"Weighted HRs, relative to sertraline, were 1.24 (95% CI = 1.04, 1.50) for citalopram",1
escitalopram,sertraline,"Weighted HRs, relative to sertraline, were 1.22 (95% CI = 1.01, 1.47) for escitalopram",1
fluoxetine,sertraline,"Weighted HRs, relative to sertraline, were 1.26 (95% CI = 1.04, 1.53) for fluoxetine",1
paroxetine,sertraline,"Weighted HRs, relative to sertraline, were 1.26 (95% CI = 1.01, 1.57) for paroxetine",1
Resveratrol,Erlotinib,Single and multiple doses of resveratrol significantly increased the total area under the curve (AUC) of erlotinib.,1
Diltiazem,Verapamil,combined p-glycoprotein and moderate CYP3A4 inhibitors,1
DOACs (Direct Oral Anticoagulants),Diltiazem/Verapamil,significantly increase the concentrations of DOACs,1
Diltiazem/Verapamil,DOACs (Direct Oral Anticoagulants),increases the risks of bleeding outcomes compared with the DOAC monotherapy group,1
Dexamethasone,Ciprofloxacin,Dexamethasone administration resulted in a significant increase in resistance for ciprofloxacin...,1
Dexamethasone,Ticarcillin,Dexamethasone administration resulted in a significant increase in resistance for ticarcillin...,1
Dexamethasone,Tobramycin,Dexamethasone administration resulted in a significant increase in resistance for tobramycin...,1
Dexamethasone,Ceftiofur,Dexamethasone administration resulted in a significant increase in resistance for ceftiofur...,1
Dexamethasone,Moxifloxacin,Dexamethasone administration resulted in a significant increase in resistance for moxifloxacin...,1
Dexamethasone,Amikacin,...amikacin and cefazolin showed minimal impact on resistance when combined with dexamethasone...,1
Dexamethasone,Cefazolin,...amikacin and cefazolin showed minimal impact on resistance when combined with dexamethasone...,1
STM2457,cisplatin,"Furthermore, STM2457 demonstrated strong synergistic effects with cisplatin (CI <1), markedly enhancing apoptosis induction.",1
Apalutamide,Warfarin,"Enzalutamide and apalutamide are strong inducers of CYP3A4, which may reduce exposure to warfarin",1
Apalutamide,DOACs (Direct Oral Anticoagulants),"Apalutamide induces P-gp, and therefore has DDIs with all direct oral anticoagulants (DOACs)",1
Apixaban,Enzalutamide/Apalutamide,"Enzalutamide and apalutamide are strong inducers of CYP3A4, which may reduce exposure to warfarin, apixaban, and rivaroxaban",1
Rivaroxaban,Enzalutamide/Apalutamide,"Enzalutamide and apalutamide are strong inducers of CYP3A4, which may reduce exposure to warfarin, apixaban, and rivaroxaban",1
venlafaxine,esketamine,potential signals of additive drug-drug interactions were detected for antidepressants (venlafaxine) and esketamine,1
bupropion,esketamine,potential signals of additive drug-drug interactions were detected for antidepressants (bupropion) and esketamine,1
risperidone,esketamine,potential signals of additive drug-drug interactions were detected for antipsychotics (risperidone) and esketamine,1
CBD,Amitriptyline,CBD has previously been shown to inhibit CYP-mediated drug metabolism.,1
CBD,Tramadol,"In patients, CBD-induced drug interactions may be more pronounced in chronic dosing and dependent upon prandial status.",1
Diclofenac (DCF),Paracetamol (PCT),"...in mixtures with unequal ratios (1:10 or 1:100 with a predominance of DCF or PCT), their interaction attenuated with time to additive...",1
metformin,doxorubicin (adriamycin),...and transcriptional regulation of key apoptotic markers.,1
Enzalutamide (ENZ),Repaglinide (REP),"ENZ, as a CYP3A4 inducer",1
oseltamivir,warfarin,"Treatment with oseltamivir for influenza was introduced, leading to a rapid increase in the INR value within less than a week and a recurrence of digestive bleeding.",1
Methotrexate (MTX),Trimethoprim-sulfamethoxazole (TMP-SMX),"Among the most dangerous drug interactions is the combination of MTX with trimethoprim-sulfamethoxazole (TMP-SMX), which creates synergistic toxicity.",1
isavuconazole,itraconazole,The model well-predicted isavuconazole pharmacokinetic changes with cytochrome-P450 3A (CYP3A) modulators (itraconazole and rifampicin),1
isavuconazole,rifampicin,The model well-predicted isavuconazole pharmacokinetic changes with cytochrome-P450 3A (CYP3A) modulators (itraconazole and rifampicin),1
isavuconazole,ketoconazole,"The PBPK model predicted area under the plasma concentration-time curve ratios of 2.1, 1.1, and 2.1 for ibrutinib, venetoclax, and midostaurin, respectively, when co-administered with isavuconazole at clinically relevant doses",1
isavuconazole,midazolam,recovered midazolam DDI with isavuconazole as a CYP3A inhibitor,1
isavuconazole,ibrutinib,The findings suggest that isavuconazole can be safely co-administered following appropriate dose adjustments with ibrutinib (50% of normal dose),1
isavuconazole,venetoclax,The findings suggest that isavuconazole can be safely co-administered following appropriate dose adjustments with venetoclax (50-100% of normal dose),1
isavuconazole,midostaurin,The findings suggest that isavuconazole can be safely co-administered following appropriate dose adjustments with midostaurin (50% of normal dose),1
posaconazole,substrate drugs,"Other azoles, posaconazole and voriconazole, showed larger CYP3A-mediated DDIs and consequently require 3-6-fold lower doses of the substrate drugs",1
voriconazole,substrate drugs,"Other azoles, posaconazole and voriconazole, showed larger CYP3A-mediated DDIs and consequently require 3-6-fold lower doses of the substrate drugs",1
acetylcholinesterase inhibitors,heart rate-reducing drugs,"concurrent use of acetylcholinesterase inhibitors and heart rate-reducing drugs had the longest median exposure duration (81 days; Q1-Q3, 24-235)",1
≥ 3 CNS-active drugs,None specified,"concomitant use of ≥ 3 CNS-active drugs was observed in 27.1% (95% CLs, 27.0%, 27.2%) of residents",1
Telisotuzumab vedotin,Ketoconazole,"CYP3A-mediated DDI simulations demonstrated that when Teliso-V was modeled as the victim, a 43% increase in MMAE AUC were predicted with ketoconazole (strong CYP3A4-inhibitor) coadministration.",1
Telisotuzumab vedotin,Rifampin,"CYP3A-mediated DDI simulations demonstrated that when Teliso-V was modeled as the victim, a 70% decrease in MMAE AUC were predicted with rifampin (strong CYP3A4-inducer) coadministration.",1
Telisotuzumab vedotin,Brentuximab vedotin,DDI magnitude was comparable to that observed between another approved ADC with the same MMAE payload (brentuximab vedotin) and ketoconazole and rifampin.,1
Telisotuzumab vedotin,Midazolam,"The current analysis provides important information on Teliso-V DDI potential and further demonstrates the utility of PBPK models, particularly in oncology, where dedicated DDI studies are challenging. The current PBPK simulations demonstrated a lack of perpetrator effect of Teliso-V on midazolam, a sensitive CYP3A substrate.",1
Rifampin,Rosuvastatin (RSV),DDI with rifampin,1
Cyclosporine,Rosuvastatin (RSV),DDI with cyclosporine,1
Rifampicin,Atazanavir (ATV/r),Doubling the ATV/r dosing frequency to BID effectively mitigated this interaction.,1
rifampicin,GCDCA-S,the inhibitory effect of rifampicin on GCDCA-S hepatic clearance (CL,1
probenecid,GCDCA-S,OAT3 inhibitor probenecid,1
Cannabidiol (CBD),Valproate (VPA),Clinical trial data have demonstrated that CBD carries a risk for severe hepatotoxicity that is greatly increased when prescribed with VPA through an unknown mechanism.,1
Nirmatrelvir/ritonavir (NRMr),Cyclosporine,"Although cyclosporine levels outside therapeutic range were common immediately after completion of NRMr treatment, levels were restored rapidly.",1
EX527,PAX,The combination of these compounds used in the 1:1 dose-ratio augmented all these effects,0
cannabis,DNTI (drugs with a narrow therapeutic index),"The risk of drug-related intoxication was 2.61, 95%CI (1.42-4.79) amongst 3926 patients exposed to cannabis and DNTI compared to 12 223 controls.",1
Rifampin,Segesterone acetate (SA),"The study aimed to assess the pharmacokinetics of SA and EE from the CVS in healthy women when co-administered with rifampin, thus influencing risk of pregnancy or side effects.",1
Gentamicin,Meropenem,Gentamicin and meropenem were synergistic in decreasing ciprofloxacin IC,1
Asciminib,Shikonin,Pharmacokinetic results showed that shikonin reduced the CLz/F and increased the AUC of asciminib.,1
cathinone,OAD (Oral Anti-Diabetic) therapy,"khat (Catha edulis), a psychoactive plant commonly chewed in Ethiopia, is known to influence drug metabolism through its active compound, cathinone.",1
glibenclamide,cathinone,The most frequently implicated drugs were glibenclamide and sitagliptin.,1
sitagliptin,cathinone,The most frequently implicated drugs were glibenclamide and sitagliptin.,1
LEV,BU,LEV prophylaxis is associated with higher BU blood concentration,0
PHT,BU,"At 0 hour post-infusion, BU blood concentrations did not differ significantly between groups",0
Fluconazole,None specified (myopathy),"Voriconazole, fluconazole, and itraconazole were associated with myopathy in narrow and broad SMQ searches.",1
Itraconazole,None specified (myopathy),"Voriconazole, fluconazole, and itraconazole were associated with myopathy in narrow and broad SMQ searches.",1
Posaconazole,None specified (myopathy),Posaconazole and isavuconazole were associated with myopathy in the broad SMQ search.,1
Isavuconazole,None specified (myopathy),Posaconazole and isavuconazole were associated with myopathy in the broad SMQ search.,1
clozapine,metformin,combinations of clozapine and metformin...,1
ziprasidone,metformin,combinations of ziprasidone and metformin...,1
risperidone,clonidine,combinations of risperidone and clonidine...,1
simvastatin,quetiapine,"Quetiapine interactions, especially with lipid-lowering agents such as simvastatin...",1
nirmatrelvir/ritonavir,clozapine,Other drug information resources consider the combination a contraindication.,1
clozapine,nirmatrelvir/ritonavir,Prescribing information describes a consideration for a clozapine dose reduction while monitoring for adverse reactions when clozapine is used with nirmatrelvir/ritonavir.,1
CYP3A4 inhibitors (including ritonavir),clozapine,"In reviewing the literature, CYP3A4 inhibitors or genetic polymorphisms seem to have a minimal impact on clozapine levels...",1
dupilumab,ketoprofen,developed a lupus-like erythematous maculopapular rash on the periocular and malar regions following ketoprofen intake,1
Etoricoxib,EE (Ethinylestradiol),"Recent clinical evidence showed increased EE exposure following coadministration with the SULT1E1 inhibitors etoricoxib and ziritaxestat, highlighting the need to expand the PBPK model to allow for predictions of SULT1E1-mediated DDIs.",1
Ziritaxestat,EE (Ethinylestradiol),"Recent clinical evidence showed increased EE exposure following coadministration with the SULT1E1 inhibitors etoricoxib and ziritaxestat, highlighting the need to expand the PBPK model to allow for predictions of SULT1E1-mediated DDIs.",1
"Dicaffeoylquinic acids (ICAA, ICAB, 1,5-DCQA)",Warfarin,"The three components of Erigeron breviscapus, ICAA, ICAB, and 1,5-DCQA can enhance anticoagulation of warfarin by altering its pharmacokinetic and pharmacodynamic characteristics.",1
remdesivir,cyclosporine A,"remdesivir and GS-704277 exposures increased 2-fold and 3-fold, respectively, while GS-441524 was unchanged.",1
remdesivir,midazolam,single-dose remdesivir increased midazolam C,1
amiodarone,apixaban,concomitant amiodarone use increasing AUC,1
Silodosin,Abiraterone acetate (AA),"At ¼ IC₅₀ doses, the combination retained efficacy using markedly reduced concentrations-16.72 µM AA (8-fold reduction) and 11.04 mM silodosin (5-fold reduction).",1
PGFA,BAB,Component NMA revealed antagonism between PGFA plus BAB (1.26 mmHg),0
PGFA,ROCKI,Component NMA revealed antagonism between PGFA plus ROCKI (0.84),0
PGFA,CAI,The synergy of PGFA plus CAI suggested a promising avenue for new combinations.,0
severe DDI,ED visit,"any severe DDI exposure was associated with an increased risk of ED visit at wave 3 (aRR = 1.49 [95%CI: 1.11, 2.00]) and wave 4 (aRR = 1.40 [1.02, 1.91])",1
severe DDI,QoL,"any severe DDI exposure was associated with worse QoL at wave 3 (β = -1.22 [-2.24, -0.20])",1
severe DDI,functional decline,"any severe DDI exposure was associated with increased risk of functional decline at wave 2 (RR = 1.37 [1.08, 1.74])",1
DDIs which increase bleeding risk,ED visit,"individuals with DDIs which increase bleeding risk had greatest risk of ED visit (wave 1: aRR = 1.95 [1.22, 3.10]; wave 3: aRR = 1.82 [1.02, 3.31])",1
DDIs which increase bleeding risk,functional decline,"individuals with DDIs which increase bleeding risk had greatest risk of functional decline (wave 3: aRR = 2.00 [1.05, 3.81])",1
contraindicated DDI,QoL,"those with a contraindicated DDI had worse QoL at wave 1 (β = -3.48 [-6.95, -0.01]) and wave 5 (β = -8.50[-11.00, -6.00])",1
ketoconazole,gepirone,"The metabolism of gepirone in the presence of ketoconazole, a potent inhibitor of human CYP3A activity, was studied in vitro in human liver microsomes.",1
ketoconazole,1-PP and 3'-OH-gepirone formation,coincubation of gepirone with increasing concentrations of ketoconazole produced extensive inhibition of 1-PP and 3'-OH-gepirone formation,1
Ketoconazole,Rosiglitazone,inhibit rosiglitazone metabolism by 52%,1
Troleandomycin,Rosiglitazone,inhibit rosiglitazone metabolism by 40%,1
Pioglitazone,Arachidonic acid,impairing renal function,1
Gemfibrozil,Pioglitazone,further increases pioglitazone's area under the curve (AUC) threefold by inhibiting CYP2C8,1
Rosiglitazone,Pravastatin,"enhancing pravastatin uptake at low concentrations but inhibiting it at higher levels, affecting plasma levels",1
Troglitazone,Rosuvastatin,"reducing hepatic delivery and efficacy, necessitating strategic drug combinations",1
Inhibitors of such molecules,corresponding substrates,can cause toxic levels of the corresponding substrates,1
Inducers,corresponding substrates,might produce subtherapeutic concentrations,1
Risperidone,Escitalopram,"The Risp+Esc group had a significantly lower mean PDC for anticholinergics compared with the Risp+CYP2D6i group (47.3% vs. 56.4%; F = 23.98, P < .0001)",1
Risperidone,Fluoxetine/Paroxetine,"The Risp+CYP2D6i group had a significantly higher mean PDC for anticholinergics compared with the Risp+Esc group (56.4% vs. 47.3%; F = 23.98, P < .0001)",1
Aripiprazole,Fluoxetine/Paroxetine,"Conversely, no significant difference was observed between the Arip+CYP2D6i and Arip+Esc groups (26.1% vs. 28.6%; F = 1.47, P = .225)",1
Zolpidem,Risperidone + Fluoxetine/Paroxetine,The use of zolpidem was also significantly higher in both CYP2D6i groups.,1
Mood Stabilizers,Risperidone + Fluoxetine/Paroxetine,The use of mood stabilizers was also significantly higher in both CYP2D6i groups.,1
Posaconazole,Tacrolimus,"Posaconazole also inhibits CYP3A4, affecting tacrolimus metabolism.",1
Letermovir,CYP2C9 and CYP2C19,Letermovir is an inducer of CYP2C9 and CYP2C19.,1
Letermovir,CYP3A4,"Letermovir, a moderate inhibitor of CYP3A4",0
Rivaroxaban,Aspirin,He was developed severe gastrointestinal bleeding during administration of oral rivaroxaban combined with aspirin.,1
carbamazepine,edoxaban,"The patient's regular use of carbamazepine, a strong enzyme inducer, further complicated anticoagulant selection due to its potential to reduce DOAC effectiveness.",1
Topical vitamin D3 analogs,Thiazide diuretics,These findings suggest a possible drug-drug interaction between topical vitamin D3 analogs and oral thiazide diuretics in the development of hypercalcemia.,1
Topical vitamin D3 analogs,Loop diuretics,"Age ≥ 70 years, concomitant use of thiazide or loop diuretics, and chronic kidney disease were identified as factors associated with increased reporting of hypercalcemia.",1
cimetidine,"serotonin, tyramine, 1-methylhistamine, 5-amino valeric acid betaine, and 4-guanidinobutanoic acid","treatment with cimetidine... decreased the renal excretion of serotonin, tyramine, 1-methylhistamine, 5-amino valeric acid betaine, and 4-guanidinobutanoic acid",1
clarithromycin,mavacamten,The CYP3A4 inhibitory effect of clarithromycin likely resulted in accumulation of mavacamten...,1
Rosuvastatin,Green tea extract,Both rosuvastatin LSMs detected interactions with the green tea extract.,1
Rosuvastatin,Goldenseal,"Conflicting results regarding interactions with goldenseal and soy isoflavones were observed, with changes in exposure ranging from 11% to 14%. ",1
Rosuvastatin,Soy isoflavones,"Conflicting results regarding interactions with goldenseal and soy isoflavones were observed, with changes in exposure ranging from 11% to 14%. ",1
fluoxetine,neurologic drugs metabolized by CYP isoenzymes,"Some newer antidepressants, such as fluoxetine, paroxetine, fluvoxamine, duloxetine, and bupropion, are moderate to potent inhibitors of various cytochrome P450 (CYP) isoenzymes...",1
paroxetine,neurologic drugs metabolized by CYP isoenzymes,"Some newer antidepressants, such as fluoxetine, paroxetine, fluvoxamine, duloxetine, and bupropion, are moderate to potent inhibitors of various cytochrome P450 (CYP) isoenzymes...",1
fluvoxamine,neurologic drugs metabolized by CYP isoenzymes,"Some newer antidepressants, such as fluoxetine, paroxetine, fluvoxamine, duloxetine, and bupropion, are moderate to potent inhibitors of various cytochrome P450 (CYP) isoenzymes...",1
duloxetine,neurologic drugs metabolized by CYP isoenzymes,"Some newer antidepressants, such as fluoxetine, paroxetine, fluvoxamine, duloxetine, and bupropion, are moderate to potent inhibitors of various cytochrome P450 (CYP) isoenzymes...",1
bupropion,neurologic drugs metabolized by CYP isoenzymes,"Some newer antidepressants, such as fluoxetine, paroxetine, fluvoxamine, duloxetine, and bupropion, are moderate to potent inhibitors of various cytochrome P450 (CYP) isoenzymes...",1
serotonergic antidepressants,monoamine-oxidase-B inhibitors,...can precipitate potentially fatal serotonin syndrome when co-administered with monoamine-oxidase-B inhibitors...,1
serotonergic antidepressants,triptans,...can precipitate potentially fatal serotonin syndrome when co-administered with triptans;,1
ritonavir,tacrolimus,which significantly increased tacrolimus exposure due to dual inhibition of tacrolimus metabolism by ritonavir and fluconazole,1
fluconazole,tacrolimus,due to dual inhibition of tacrolimus metabolism by ritonavir and fluconazole,1
Omeprazole,Fluconazole,"The combined use of omeprazole and fluconazole was linked to an increased risk of myopathy (adjusted odds ratio [AOR] = 1.75, 95% confidence interval [CI]: 1.17-2.63, p = 0.007)",1
dordaviprone,itraconazole,The simulated increase in dordaviprone AUC and Cmax (4.6- and 1.7-fold) following administration of multiple doses of itraconazole was consistent with the observed values (4.4- and 1.9-fold).,1
dordaviprone,erythromycin,"All PBPK-simulated changes in dordaviprone plasma exposure when administered with CYP3A4 moderate (erythromycin, fluconazole) and weak (cimetidine) inhibitors...",1
dordaviprone,fluconazole,"All PBPK-simulated changes in dordaviprone plasma exposure when administered with CYP3A4 moderate (erythromycin, fluconazole) and weak (cimetidine) inhibitors...",1
dordaviprone,cimetidine,"All PBPK-simulated changes in dordaviprone plasma exposure when administered with CYP3A4 moderate (erythromycin, fluconazole) and weak (cimetidine) inhibitors...",1
dordaviprone,efavirenz,"All PBPK-simulated changes in dordaviprone plasma exposure when administered with CYP3A4 moderate (erythromycin, fluconazole) and weak (cimetidine) inhibitors, and moderate (efavirenz) and strong (rifampicin) inducers were consistent with their CYP3A4 potency classification...",1
dordaviprone,rifampicin,"All PBPK-simulated changes in dordaviprone plasma exposure when administered with CYP3A4 moderate (erythromycin, fluconazole) and weak (cimetidine) inhibitors, and moderate (efavirenz) and strong (rifampicin) inducers were consistent with their CYP3A4 potency classification...",1
dordaviprone,CYP3A4 Inducers,"Due to changes in dordaviprone plasma exposure when co-administered with CYP3A4 inhibitors, dordaviprone dose adjustments may be necessary; CYP3A4 inducers should be avoided.",1
Doxorubicin (DOX),Trastuzumab (TmAb),Multiplicative and additive relationships characterized drug interactions to reflect the enhanced cardiotoxicity seen with DOX + TmAb.,1
fenfluramine (FFA),potassium bromide (BR),Close monitoring of BR levels is crucial to minimize the risk of adverse events.,1
hydromorphone,clonazepam,High-risk sedative pairs in frail individuals included hydromorphone-clonazepam (Observed-to-Expected ratio: 3.07; interaction severity: D),1
amitriptyline,oxycodone,High-risk sedative pairs in frail individuals included amitriptyline-oxycodone (Observed-to-Expected ratio: 1.92; severity: D),1
quetiapine,citalopram,High-risk sedative pairs in frail individuals included quetiapine-citalopram (Observed-to-Expected ratio: 2.12; severity: D),1
gabapentin,hydroxyzine,"Prefrail individuals had intermediate-risk combinations, including gabapentin-hydroxyzine (Observed-to-Expected ratio: 3.58; severity: D)",1
clobazam,levetiracetam,"Prefrail individuals had intermediate-risk combinations, including clobazam-levetiracetam (Observed-to-Expected ratio: 81.5; severity: C)",1
amitriptyline,pregabalin,"Robust individuals showed fewer and lower-risk patterns, such as amitriptyline-pregabalin (Observed-to-Expected ratio: 4.00; severity: C)",1
ritonavir,tacrolimus,Ritonavir is a CYP3A irreversible inhibitor,1
nirmatrelvir/ritonavir,tacrolimus,The recommended dose strategy is to hold tacrolimus during nirmatrelvir/ritonavir treatment,1
N-desethylamiodarone,Digoxin,"For patients with a CLcr ≤30 mL/min and an N-desethylamiodarone concentration >600 ng/mL, a daily dose of 0.03125 mg is recommended because of reduced digoxin clearance.",1
Amiodarone,Digoxin,"In the simulation, the proportion of patients with values in the toxic range was high at 0.125 mg daily among patients taking amiodarone.",1
Ivermectin,Piperaquine,Compounds that had a substantial DDI effect on the in vitro metabolism of ivermectin included piperaquine (98%)...,1
Ivermectin,Mefloquine,Compounds that had a substantial DDI effect on the in vitro metabolism of ivermectin included mefloquine (91%)...,1
Ivermectin,Chloroquine,Compounds that had a substantial DDI effect on the in vitro metabolism of ivermectin included chloroquine (76%)...,1
Ivermectin,Proguanil,Compounds that had a substantial DDI effect on the in vitro metabolism of ivermectin included proguanil (60%)...,1
Ivermectin,Lumefantrine,Compounds that had a substantial DDI effect on the in vitro metabolism of ivermectin included lumefantrine (51%)...,1
Ivermectin,Atovaquone,Compounds that a partial DDI effect on the in vitro metabolism of ivermectin included atovaquone (48%)...,1
Ivermectin,Artesunate,Compounds that a partial DDI effect on the in vitro metabolism of ivermectin included artesunate (27%)...,1
Ivermectin,Pyronaridine,Compounds that a partial DDI effect on the in vitro metabolism of ivermectin included pyronaridine (25%)...,1
acetaminophen,granisetron,The most common DDIs included acetaminophen and granisetron (severity rating: moderate).,1
methotrexate,vincristine,Methotrexate and vincristine were the most frequent antineoplastic DDI pair.,1
warfarin,ginkgo,"antithrombotics (e.g., warfarin and ginkgo)",1
calcium,levothyroxine,"absorption-disrupting minerals (e.g., calcium and levothyroxine)",1
CYP3A inducer,1β-OH DCA (total),"The changes in total 1β-OH DCA were more significant than those observed from 4β-hydroxycholesterol, which has been limited to the identification of CYP3A inducers, not CYP3A inhibitors.",1
Strong CYP3A inhibitor,1β-OH DCA (total),The significant reduction in total 1β-OH DCA in response to strong CYP3A inhibitors led us to further explore its utility as a biomarker for DDI with moderate CYP3A inhibitors.,1
Moderate CYP3A inhibitor,1β-OH DCA (total),"Inhibition with a moderate CYP3A inhibitor fluconazole resulted in notable changes in these biomarkers, with 39%, 39%, and 18% reductions in total 1β-OH DCA",1
nilotinib,pravastatin,"nilotinib was found to elevate systemic exposure of the Oatp1b2 substrate, pravastatin, by approximately 2-fold in mice",1
nilotinib,Oatp1b2-deficient mice,nilotinib had no effect in Oatp1b2-deficient mice,1
rifampin,pravastatin,which was similar to the increased pravastatin exposure seen in mice when coadministered the prototypical Oatp1b-inhibitor rifampin,1
antihistamines,immunomodulators (IM) and antibodies combination,Patients receiving antihistamines exhibited increased rates of stable disease and partial response (χ2 8.48; P = 0.014) on the IMs and antibodies combination.,1
antihistamines,immunotherapy for cancer,Concurrent administration of antihistamines correlates with enhanced survival in patients receiving experimental immunotherapy for cancer.,1
proton pump inhibitors (PPI),colorectal cancer treatment,"For patients with colorectal cancer, PPI use was associated with shortened survival, with a median OS of 5.2 months with PPI use and 8.6 months without it (P < 0.001).",1
TL-895,CYP3A4,The collective findings signify an important contribution of OATP1B1 and CYP3A4 to the in vivo handling of the dual BTK/BMX inhibitor TL-895 and suggest the agent is an unlikely perpetrator of potentially deleterious DDIs in polypharmacy regimens.,0
TL-895,OATP1B1,We identified TL-895 as a substrate of the hepatic uptake transporter OATP1B1 and the enzyme CYP3A4.,0
Amiodarone (AMI),Digoxin (DIG),Concomitant administration of AMI with DIG can significantly increase the exposure of DIG.,1
Amiodarone (AMI),Rivaroxaban (RIV),Elevated RIV exposure raises the risk of bleeding.,1
Amiodarone (AMI),Phenytoin (PHT),Concomitant administration of AMI with PHT can significantly increase the exposure of PHT.,1
Letermovir,Tacrolimus,the patient required a 36% tacrolimus dose reduction,1
Rivaroxaban,Pretomanid,"pretomanid inhibition of OAT3, which reduces renal clearance of rivaroxaban",1
Carbamazepine,Clozapine (CLZ),"The CLZ/D ratio ([ng/mL]/[mg/day]) was significantly decreased, and both NCLZ/CLZ and OCLZ/CLZ ratios were significantly increased with carbamazepine, relative to CLZ alone.",1
Phenytoin,Clozapine (CLZ),The CLZ/D ratio was lower with phenytoin than without phenytoin.,1
busulfan (Bu),phenytoin,These results indicate the presence of a drug-drug interaction (DDI) between Bu and phenytoin.,1
busulfan (Bu),levetiracetam,"Our results indicate that levetiracetam is a safe and efficacious alternative to phenytoin for seizure prophylaxis in Bu-based conditioning regimens in stem cell transplantation, notably without the significant drug-drug interaction observed with phenytoin.",1
dordaviprone (ONC201),itraconazole,Dose adjustment in patients receiving 625 mg dordaviprone with strong CYP3A4 inhibitors is warranted.,1
Metamizole,Voriconazole,It is recommended to avoid concurrent use of metamizole and voriconazole or to closely monitor voriconazole trough concentrations during metamizole treatment and up to 2 weeks after discontinuation of metamizole.,1
Fezolinetant,Fluvoxamine,strong CYP1A2 inhibitor,1
Fezolinetant,CYP1A2 inhibitors (such as mexiletine and ciprofloxacin),coadministration with CYP1A2 inhibitors could lead to changes in fezolinetant exposure,1
Fezolinetant,CYP1A2 inducers (such as smoking),coadministration with CYP1A2 inducers could lead to changes in fezolinetant exposure,1
Fezolinetant,Mexiletine,moderate CYP1A2 inhibitor,1
Fezolinetant,Ciprofloxacin,moderate CYP1A2 inhibitor,1
Fezolinetant,Cimetidine,"coadministration with a weak CYP1A2 inhibitor, such as cimetidine, was predicted to increase fezolinetant C",1
chlorpromazine,tadalafil,This case demonstrates compelling evidence of a dangerous chlorpromazine-tadalafil interaction resulting in treatment-refractory priapism.,1
Febuxostat,Methotrexate,"coadministration of the xanthine oxidase inhibitor, febuxostat, in patients receiving methotrexate has been reported to be associated with an elevated risk of hematological toxicity",1
Gambogic acid (GA),Theophylline (TP),"The presence of TP preferentially occupied GA's binding site, significantly decreasing the GA-HSA binding constant and affecting the HSA-GA binary system.",1
Gambogic acid (GA),Quercetin (QC),"The presence of QC preferentially occupied GA's binding site, significantly decreasing the GA-HSA binding constant and affecting the HSA-GA binary system.",1
Gambogic acid (GA),Theophylline (TP) / Quercetin (QC),"In vitro cell experiments validated that TP/QC increase GA's free concentration, and both enhance GA's inhibitory effect on HepG2 cells in the presence of plasma proteins.",1
Acid suppressants (ASs),Immune checkpoint inhibitors (ICIs),Co-administration with ASs or proton pump inhibitors (PPIs) was associated with an increased risk of acute kidney injury (AKI) in both datasets...,1
Proton pump inhibitors (PPIs),Immune checkpoint inhibitors (ICIs),Co-administration with ASs or proton pump inhibitors (PPIs) was associated with an increased risk of acute kidney injury (AKI) in both datasets...,1
H2-receptor antagonists (H2RAs),Immune checkpoint inhibitors (ICIs),The co-administration of H2RAs showed weaker or no signals for AKI...,1
citalopram,proton pump inhibitors (PPIs),The drugs most commonly involved were proton pump inhibitors (40% of co-prescription instances).,1
citalopram,cytochrome 2C19 substrates,Cytochrome 2C19 activity was not associated with the occurrence of DDIs.,1
itraconazole,zilurgisertib,"With the concomitant administration of itraconazole, the geometric mean maximum plasma drug concentration (Cmax) and area under the plasma concentration-time curve (AUC) of zilurgisertib increased by 2.4-fold and 1.8-fold, respectively.",1
rifampin,zilurgisertib,"With the concomitant administration of rifampin, the geometric mean Cmax and AUC of zilurgisertib decreased by 2.5-fold and 3.1-fold, respectively.",1
itraconazole,fruquintinib,"Coadministration with itraconazole resulted in an increase of fruquintinib systemic exposure, determined by area under the plasma concentration-time curves (AUCs) by approximately 10%",1
rifampin,fruquintinib,CYP3A induction (rifampin),1
Ritlecitinib,Midazolam,Ritlecitinib is a moderate inhibitor of CYP3A and CYP1A2.,1
Ritlecitinib,"CYP substrates (midazolam, efavirenz, tolbutamide, caffeine, oral contraceptives [ethinyl oestradiol and levonorgestrel])",Pharmacokinetic parameters for drugs as measured in blood plasma were used to estimate the drug interaction potential with ritlecitinib as a perpetrator or victim.,1
Strong CYP inducers,Ritlecitinib,"Strong CYP inducers can reduce ritlecitinib concentrations, but not to clinically relevant levels leading to lack of benefit.",1
Vicasinabin,Midazolam,predicted a moderate systemic exposure reduction for the selective CYP3A4 substrate midazolam,1
Rifampicin,Vicasinabin,strong effect of induction due to rifampicin,1
Belumosudil,Strong CYP3A4 inducers,Prior clinical studies demonstrated that coadministration with strong CYP3A4 inducers or proton pump inhibitors requires dose modification of belumosudil.,1
Belumosudil,Proton Pump Inhibitors (PPIs),Prior clinical studies demonstrated that coadministration with strong CYP3A4 inducers or proton pump inhibitors requires dose modification of belumosudil.,1
Belumosudil,Raltegravir,"Although there was no marked change in raltegravir exposure after coadministration with belumosudil, exposure to the glucuronide metabolite was decreased by 39.6% (area under the curve from time 0 to the time of last measurable concentration [AUC",1
Belumosudil,Dabigatran etexilate,resulting in drug-drug interactions (DDIs),1
Belumosudil,Rosuvastatin calcium,resulting in drug-drug interactions (DDIs),1
cimetidine,metformin,which was accompanied by a disproportional decrease (8%) in metformin renal clearance (p = 0.005),1
Itraconazole,Venglustat,Coadministration with itraconazole increased venglustat area under the concentration-time curve by 2.03-fold (90% confidence interval [90%CI]: 1.81-2.27),1
Claritromycin,Venglustat,"Venglustat steady-state area under the concentration-time curve during a dosing interval following coadministration with strong (clarithromycin) CYP3A inhibitors is predicted to increase by 1.74- (5th-95th centile, 1.30-2.49)",0
Fluconazole,Venglustat,"Venglustat steady-state area under the concentration-time curve during a dosing interval following coadministration with moderate (fluconazole) CYP3A inhibitors is predicted to increase by 1.52- (1st-99th centile, 1.23-1.88)",1
Fluvoxamine,Venglustat,"Venglustat steady-state area under the concentration-time curve during a dosing interval following coadministration with weak (fluvoxamine) CYP3A inhibitors is predicted to increase by 1.08- (5th-95th centile, 1.03-1.15)",1
Cimetidine,Venglustat,"Venglustat steady-state area under the concentration-time curve during a dosing interval following coadministration with weak (cimetidine) CYP3A inhibitors is predicted to increase by 1.08-fold (5th-95th centile, 1.04-1.12)",1
Atazanavir,Total serum bilirubin,Atazanavir has been reported to increase total serum bilirubin level up to ninefold.,1
Atazanavir,UGT1A1,It is widely believed that the observed total bilirubin elevation is primarily due to UGT1A1 inhibition.,0
Atazanavir,OATP1B1/3,As atazanavir is a potent OATP1B1/3 inhibitor...,1
Atazanavir,Unconjugated bilirubin,...the hepatic uptake of both unconjugated and conjugated bilirubin are mediated by OATP1B1/3...,1
Raltegravir,Unconjugated bilirubin,...unconjugated bilirubin is less sensitive than raltegravir upon UGT1A1 inhibition...,1
Rifampicin,Triazolam,reduction of triazolam plasma concentrations and an increase in its metabolites after oral administration,1
Ketoconazole,Triazolam,increase in triazolam plasma concentrations and a decrease in its metabolites in huCYP3A-PXR rats regardless of pretreatment with rifampicin,1
Lopinavir/Ritonavir,Dexamethasone,"Typical oral clearance (CL/F) was 131 L/h, reduced to 11.5 L/h with concomitant lopinavir/ritonavir.",1
CYP2D6-inhibiting drugs,beta-blockers,"Newly initiated beta-blocker therapy (any type) with concomitant use of CYP2D6-inhibiting drugs (any type) was associated with an increased risk of fall injury (OR 1.37, 1.24-1.52).",1
CYP2D6 inhibitors,beta-blockers,"This risk became elevated after restriction to concomitant use of moderate (OR 1.63, 1.26-2.10) or strong CYP2D6 inhibitors (OR 2.25, 1.39-3.63).",1
"biologics (adalimumab, etanercept, ustekinumab)",methotrexate,"The drug-drug interaction analysis indicated that these biologics, particularly without methotrexate or prednisolone, increase the risk of abortion-related AEs.",1
"biologics (adalimumab, etanercept, ustekinumab)",prednisolone,"The drug-drug interaction analysis indicated that these biologics, particularly without methotrexate or prednisolone, increase the risk of abortion-related AEs.",1
dupilumab,none specified,"The drug-drug interaction analysis indicated that these biologics, particularly without methotrexate or prednisolone, increase the risk of abortion-related AEs.",1
enzalutamide,diltiazem,Resources recommend avoiding the combination of enzalutamide and diltiazem.,1
SHR8554,itraconazole,a strong CYP3A4 inhibitor,0
Tirzepatide,HCTZ (Hydrochlorothiazide),This case highlights a potential association between HCTZ and tirzepatide in causing severe hypercalcemia.,1
Tirzepatide,Thiazides (general class),Baseline and follow-up serum calcium monitoring is strongly recommended within 1-2 weeks of initiating tirzepatide in patients receiving thiazide diuretics or those with CKD.,1
TMZ,IMT,TMZ and IMT combined regimens were subadditive in 36.1% of the combinations.,1
Itraconazole,Tepotinib,Itraconazole increased tepotinib area under the curve extrapolated to infinity (AUC0-∞) by 2.5-fold.,1
Carbamazepine,Tepotinib,"The effect of carbamazepine on the pharmacokinetics of tepotinib was not explicitly stated, but it is mentioned as a strong CYP3A4/P-gp inducer.",1
Vitamin K antagonists,Proton pump inhibitors (PPIs),"We found association between hemorrhage in patients receiving vitamin K antagonists (OR 1.30, 95% CI 1.16-1.47).",1
Vitamin K antagonists,All types of interacting drugs,All types of interactions resulted in higher bleeding risk for all anticoagulants.,1
Proton pump inhibitors (PPIs),Cerebral bleeding,"OR 1.18, 95% CI 1.08-1.30",1
Proton pump inhibitors (PPIs),Gastrointestinal bleeding,"OR 0.55, 95% CI 0.46-0.65",1
Itraconazole,Tazemetostat,Itraconazole coadministration resulted in higher tazemetostat exposures after single doses (Day 21/Day 1) and steady state (Day 36/Day 15).,1
Rifampin,Tazemetostat,"it is implied that rifampin increases tazemetostat metabolism, but this is not explicitly stated. However, it is mentioned that rifampin is a strong CYP3A inducer.",1
fentanyl,naloxone,naloxone attenuated respiratory depression,1
fentanyl,rimonabant,rimonabant attenuated respiratory depression,1
naloxone,rimonabant,"co-administration of fentanyl and the SCRAs exacerbated respiratory depression and conferred resistance to naloxone rescue, most likely via pharmacodynamic interactions between μ-opioid and CB1 cannabinoid receptors",1
fentanyl,5F-ADB-PINACA,co-administration of fentanyl and the SCRAs exacerbated respiratory depression,1
RBN-3143,pantoprazole,"an open-label, randomized, 3-period, cross-over study evaluated the effects of food and pantoprazole (40 mg once daily [QD]) on the pharmacokinetics of RBN-3143",1
RBN-3143,midazolam,a pharmacokinetic drug-drug interaction study with oral midazolam (2 mg) determined whether RBN-3143 (300 mg BID for 14 days) is an inducer of cytochrome P4503A4 (CYP3A4),1
vactosertib,cytarabine,Pretreatment with vactosertib unexpectedly induced complete resistance to cytarabine.,1
vactosertib,SLC29A1 (ENT1),"Our findings revealed that TGFBR1 inhibitors unintentionally target the nucleoside transporter SLC29A1 (ENT1), leading to reduced intracellular cytarabine levels.",1
midostaurin,SLC29A1 (ENT1),"Importantly, we found that this drug interaction is not unique to TGFBR1 inhibitors, but extends to other clinically significant kinase inhibitors, such as the FLT3 inhibitor midostaurin.",1
DOACs,atorvastatin/simvastatin,Similar patterns were also observed for cardiovascular mortality and all-cause mortality,0
DOACs,simvastatin,ORs for gastrointestinal bleeding and other bleeding among those initiating DOACs while taking simvastatin were greater than those initiating DOAC monotherapy,0
Cela (celastrol),Trip (triptolide),...FXR inhibition by Cela potentiated the ET-1 increase and activation of JNK-Caspase3-GSDME by Trip.,1
Cela (celastrol),FXR agonists,...Activation of intestinal FXR alleviated liver injury via down-regulating ET-1 and improving GVB integrity.,1
Cela (celastrol),FXR antagonists,...Activation of intestinal FXR alleviated liver injury via down-regulating ET-1 and improving GVB integrity.,1
Cela (celastrol),ET-1 inhibitors,...Activation of intestinal FXR alleviated liver injury via down-regulating ET-1 and improving GVB integrity.,1
Trip (triptolide),FXR knockout mice,...FXR knockout significantly aggravated liver injury induced by Trip.,1
Xuefu Zhuyu Decoction (XFZY),Atorvastatin (AT),"Pharmacokinetic analysis in rats shows that continuous administration of XFZY does not significantly change the pharmacokinetic characteristics of AT in rats, but the AUC_(0-6 h) values of AT and metabolites 2-HAT, 4-HAT, and 2-HATL increase by 21.37%, 14.94%, 12.42%, and 6.68%, respectively.",0
Tizanidine,Nifedipine,The synergistic effects of tizanidine and nifedipine resulted in a rapid and critical drop in blood pressure.,1
Tacrolimus,Trastuzumab emtansine (T-DM1),We have experienced a 2.3-fold increase in the trough concentration of orally administered tacrolimus in a patient for 7 days after intravenous administration of trastuzumab emtansine (T-DM1),1
Tacrolimus,Trastuzumab (Tmab),the change in the trough concentration of tacrolimus was reversed after switching T-DM1 to trastuzumab (Tmab),1
Trastuzumab emtansine (T-DM1),Tacrolimus,An animal study in rats showed that T-DM1 significantly increased the AUC of tacrolimus,1
bupropion,clozapine,Clozapine (CYP2D6 substrate) plasma levels decreasing and the discontinuation of bupropion (CYP2D6 inhibitor),1
AKR1C1/1C2 inhibitors,diazepam,"PXR-mediated CYP3A4 induction was significantly attenuated by treatment with AKR1C1/1C2 inhibitors, diazepam or flunitrazepam...",1
AKR1C1/1C2 inhibitors,flunitrazepam,"PXR-mediated CYP3A4 induction was significantly attenuated by treatment with AKR1C1/1C2 inhibitors, diazepam or flunitrazepam...",1
AKR1C1/1C2 inhibitors,rifampicin,Rifampicin-activated CYP3A4 induction was attenuated by AKR1C1/1C2 knockdown...,1
ciclosporin,OATP1B substrates,"The pDDI rate varied significantly depending on the inhibitor used, reaching up to 39.1% in patients treated with ciclosporin.",1
clarithromycin,OATP1B substrates,Commonly involved inhibitors included FDA drugs such as clarithromycin...,1
rifampicin,OATP1B substrates,Commonly involved inhibitors included FDA drugs such as rifampicin...,1
denosumab,iron infusions,"close administration of both can result in profound hypocalcaemia and/or hypophosphataemia due to disruption of calcium, phosphate and bone remodelling homeostasis",1
Goldenseal,Metformin,"The goldenseal-metformin interaction mediated under therapeutic metformin dose conditions involves a low-affinity basolateral transporter, ThTr-1, which accounts for approximately 50% of inhibitable metformin apical to basolateral flux.",1
ribociclib,proton pump inhibitors,"Among these agents, ribociclib has been associated with a higher risk of QTc prolongation and CYP3A4-mediated interactions in some studies",1
ribociclib,CYP3A4 substrates,Their metabolism via the cytochrome P450 (CYP3A4) pathway poses a high risk of clinically relevant drug-drug interactions (DDIs),1
abemaciclib,antifungal medications,"We further examine the clinical implications of drug-drug interactions with frequently co-prescribed agents, including proton pump inhibitors, antifungal medications, anticoagulants, and lipid-lowering therapies",1
abemaciclib,lipid-lowering therapies,"We further examine the clinical implications of drug-drug interactions with frequently co-prescribed agents, including proton pump inhibitors, antifungal medications, anticoagulants, and lipid-lowering therapies",1
palbociclib,CYP3A4 substrates,Their metabolism via the cytochrome P450 (CYP3A4) pathway poses a high risk of clinically relevant drug-drug interactions (DDIs),1
enzyme-inducing antiseizure medications (ASMs),lacosamide (LCM),"The use of enzyme-inducing ASMs (ie, phenytoin, phenobarbital, or carbamazepine) reduced the CD ratio by 34.0% in preschool children, 27.3% in primary school children, 24.3% in adolescents, and 27.4% in adults.",1
lacosamide (LCM),CYP2C19 polymorphism,"In addition, patients with the PM phenotype have a high LCM CD ratio, which may decrease treatment retention.",1
Bemnifosbuvir,Ruzasvir,"Under fasted conditions, the corresponding values for ruzasvir were decreased upon coadministration with bemnifosbuvir (by a maximum of 26% vs ruzasvir alone)",1
Bemnifosbuvir,Food,Food delayed peak exposure to both drugs (by up to 2 hours) while increasing their peak and total exposure by up to 63%,1
Red Yeast Rice,Oncological Medication,The clinically relevant HDIs concerned red yeast rice...,1
Red Coneflower,Oncological Medication,"The clinically relevant HDIs concerned red yeast rice, red coneflower...",1
Turmeric,Oncological Medication,"The clinically relevant HDIs concerned red yeast rice, red coneflower, turmeric...",1
Cannabis,Oncological Medication,"The clinically relevant HDIs concerned red yeast rice, red coneflower, turmeric, and cannabis...",1
CYP2D6 inhibitors,CYP2D6 substrates,The CYP 2D6 enzyme is particularly prone to DDGIs due to the high prevalence of genetic variation and common use of CYP2D6 inhibiting drugs.,1
CYP3A4,CYP2D6 substrates,DD(G)Is mediated by CYP3A4 and P-glycoprotein were included.,0
P-glycoprotein,CYP2D6 substrates,DD(G)Is mediated by CYP3A4 and P-glycoprotein were included.,1
Atomoxetine (sensitive CYP2D6 substrate),CYP2D6 inhibitors,The presented network was utilized to calculate dose adaptations for CYP2D6 substrates atomoxetine (sensitive) and metoprolol (moderate sensitive) for clinically untested DDGI scenarios...,1
Metoprolol (moderate sensitive CYP2D6 substrate),CYP2D6 inhibitors,The presented network was utilized to calculate dose adaptations for CYP2D6 substrates atomoxetine (sensitive) and metoprolol (moderate sensitive) for clinically untested DDGI scenarios...,1
itraconazole,omaveloxolone,Coadministration of the strong CYP3A4 inhibitor itraconazole significantly increased omaveloxolone maximum plasma concentration (Cmax),1
nirmatrelvir/ritonavir (PAXLOVID),tacrolimus,the patient presented with clinical and biological parameters consistent with a tacrolimus overdose,1
remdesivir (VEKLURY),tacrolimus,management of DDI between tacrolimus and anti-SARS-CoV-2 drugs requires a substantial therapeutic intervention,1
cinnamon oil,CYP2C9,Both cinnamon oil and cinnamaldehyde inhibited the catalytic activity of CYP2C9...,0
cinnamon oil,CYP1A2,Both cinnamon oil and cinnamaldehyde inhibited the catalytic activity of CYP1A2.,0
cinnamaldehyde,CYP2C9,Both cinnamon oil and cinnamaldehyde inhibited the catalytic activity of CYP2C9...,0
cinnamaldehyde,CYP1A2,Both cinnamon oil and cinnamaldehyde inhibited the catalytic activity of CYP1A2.,0
LTG,LEV/VPA,Signals for malformation associated with LTG + LEV/VPA,1
CBZ,lacosamide/LTG,DDI signals CBZ + lacosamide/LTG,1
VPA,clonazepam,Associated with fetal loss: VPA + clonazepam,1
Mallotus furetianus ethanol extract (MFE),midazolam,"Collectively, our study indicated that MFE could modulate CYP3A1 activity and expression of CYP3A1, subsequently changing the metabolism of midazolam in rats.",1
Mallotus furetianus ethanol extract (MFE),CYP3A inhibitors,"The activity of CYP3A was measured in hepatic and intestinal microsomes, and the expression in hepatic and intestinal tissues was assessed by qRT-PCR and western blot.",1
Dexmedetomidine,Lactated Ringer's solution,"Several possible DDIs were identified, including Lactated Ringer's solution (lift = 5.441), which may elevate bradycardia risk.",1
Dexmedetomidine,Bupivacaine,"Several possible DDIs were identified, including bupivacaine (lift = 2.984), which may elevate bradycardia risk.",1
Dexmedetomidine,Risperidone,"Several possible DDIs were identified, including risperidone (lift = 2.434), which may elevate bradycardia risk.",1
amiodarone,non-vitamin K oral anticoagulants,"associated with increased all-cause mortality (HR, 2.65)",1
digoxin,non-vitamin K oral anticoagulants,"associated with increased all-cause mortality (HR, 1.85)",1
diltiazem,non-vitamin K oral anticoagulants,"associated with increased all-cause mortality (HR, 1.44)",1
clarithromycin,non-vitamin K oral anticoagulants,"associated with increased hospitalization for major bleeding (HR, 4.18)",1
fluconazole,non-vitamin K oral anticoagulants,"associated with increased all-cause mortality (HR, 3.27)",1
verapamil,non-vitamin K oral anticoagulants,"associated with increased all-cause mortality (HR, 1.80)",1
antidepressants,non-vitamin K oral anticoagulants,"associated with increased all-cause mortality (HR, 1.31)",1
dronedarone,non-vitamin K oral anticoagulants,"associated with a significant reduction in all-cause mortality (HR, 0.56)",1
atorvastatin,non-vitamin K oral anticoagulants,"associated with a significant reduction in all-cause mortality (HR, 0.86)",1
cabozantinib,mitoxantrone,"c-MET inhibitors enhanced the accumulation of mitoxantrone, with accumulation ratios ranging from 1.6 to 3.8",1
crizotinib,mitoxantrone,"c-MET inhibitors enhanced the accumulation of mitoxantrone, with accumulation ratios ranging from 1.6 to 3.8",1
PHA665752,mitoxantrone,"c-MET inhibitors enhanced the accumulation of mitoxantrone, with accumulation ratios ranging from 1.6 to 3.8",1
Letermovir,Ciclosporin A (CsA),"These changes were attributed to CYP3A4 inhibition by letermovir, given the stable no-to-mild inflammatory status and the lack of additional DDI.",1
Amiodarone,DOACs (Direct Oral Anticoagulants),"Among DOAC patients, there was a statistically significant increase in major bleeding with concurrent amiodarone (OR 1.22, 95% confidence interval (CI) 1.03-1.44, P = 0.02, I2 = 88%).",1
Itraconazole,Apixaban,"Two major bleed events, three VTE, two stroke, and eight instances of clot resolution were identified.",1
Posaconazole,Apixaban,"Two major bleed events, three VTE, two stroke, and eight instances of clot resolution were identified.",1
probenecid,CP-I (Coproporphyrin-I),"Prediction of weak, moderate, and strong OATP1B-mediated interactions with probenecid...",1
low-dose cyclosporine,CP-I (Coproporphyrin-I),"Prediction of weak, moderate, and strong OATP1B-mediated interactions with low-dose cyclosporine...",1
rifampicin,CP-I (Coproporphyrin-I),"Prediction of weak, moderate, and strong OATP1B-mediated interactions with rifampicin...",1
colchicine,VKAs (Vitamin-K Antagonists),In vitro studies and case reports have described a possible interaction between colchicine and VKAs leading to increased INR,1
Apotransferrin,Meropenem,The combination of apotransferrin with meropenem activity improved in 10/20 isolates compared to antibiotic monotherapy.,0
Apotransferrin,Ceftolozane/Tazobactam (C/T),"The chemostat model confirmed synergistic interactions between apotransferrin and C/T in two isolates, with additive effects in two others.",0
Apotransferrin,Meropenem or Ceftolozane/Tazobactam (C/T),"This combination outperformed the most effective monotherapy in all isolates, with no emergence of new C/T-resistant strains.",0
venlafaxine,tamoxifen,The addition of venlafaxine during tamoxifen treatment decreases plasma Z-endoxifen concentrations.,1
citalopram,tamoxifen,The addition of citalopram during tamoxifen treatment decreases plasma Z-endoxifen concentrations.,1
venlafaxine,Z-endoxifen,A reduction in Z-endoxifen concentrations below the 5.9 ng/ml threshold associated with tamoxifen efficacy was observed in 12% of patients.,1
citalopram,Z-endoxifen,A reduction in Z-endoxifen concentrations below the 5.9 ng/ml threshold associated with tamoxifen efficacy was observed in 12% of patients.,1
gabapentin,tamoxifen,The addition of gabapentin during tamoxifen treatment does not significantly alter plasma concentrations of tamoxifen and its metabolites.,1
probenecid,PDA (Pyridoxic acid),"using in vitro inhibition potency data, the model predicted effect of OAT inhibitors (probenecid, ritlecitinib and tafamidis) on PDA pharmacokinetics",1
ritlecitinib,PDA (Pyridoxic acid),"using in vitro inhibition potency data, the model predicted effect of OAT inhibitors (probenecid, ritlecitinib and tafamidis) on PDA pharmacokinetics",1
tafamidis,PDA (Pyridoxic acid),"using in vitro inhibition potency data, the model predicted effect of OAT inhibitors (probenecid, ritlecitinib and tafamidis) on PDA pharmacokinetics",1
furosemide,PDA (Pyridoxic acid),"DDIs with OAT3 object drug, furosemide, were well-predicted by the biomarker-informed PBPK model",1
DOACs,digoxin,A higher risk of all-cause mortality (hazard ratio: 1.35; 99% confidence interval [CI]: 1.14-1.61) was observed with DOAC + digoxin versus DOAC + beta-blockers.,0
digoxin,DOACs,"In the case-crossover study, a 24% higher odds of all-cause mortality was seen with initiating digoxin while taking DOAC (odds ratio: 1.24; 99% CI: 1.06-1.45); and a 63% higher odds was also seen with initiating DOAC while taking digoxin (odds ratio: 1.63; 99% CI: 1.41-1.88).",0
Rifampicin,Atazanavir/Ritonavir,reduced drug exposure in plasma due to rifampicin,1
Dolutegravir,Rifampicin,the intracellular effects remained unexplored when dolutegravir was added with rifampicin (PK2),1
Atazanavir/Ritonavir,Dolutegravir,the intracellular effects remained unexplored when dolutegravir was added with atazanavir/ritonavir (PK2),1
Ritonavir,Atazanavir,Ritonavir-boosted atazanavir,1
Rifampicin,Investigational drugs,Rifampicin is a widely employed index inhibitor to assess the impact of organic anion transporting polypeptide 1B (OATP1B) inhibition on investigational drugs.,1
Cyclosporine,Other drug disposition mechanisms,challenges exist in its use due to pharmacokinetic (PK) variability and non-selective inhibition of other drug disposition mechanisms.,1
nirmatrelvir-ritonavir,dexamethasone,drugs with DDI risk at the avoidance level mainly included dexamethasone,1
nirmatrelvir-ritonavir,rivaroxaban,drugs with DDI risk at the avoidance level mainly included rivaroxaban,1
nirmatrelvir-ritonavir,lidocaine,drugs at the caution level mainly included lidocaine,1
Proton-pump inhibitors (PPIs),Dasatinib,Particularly comedication of crystalline dasatinib and proton-pump inhibitors (PPIs) should be avoided.,1
Omeprazole,Dasatinib,The dosing interval between omeprazole administration and crystalline dasatinib was 10 h (median [range: 9-10 h]).,1
nirmatrelvir/ritonavir,intravenous midazolam,A meaningful interaction persists for 72 h following cessation of nirmatrelvir/ritonavir.,1
UGT inhibitors,non-CYP enzymes,drugs that inhibit non-CYP enzymes are significantly associated with high DILI concern,1
pure UGT inhibitors,high DILI concern,"only pure UGT inhibitors and dual substrate inhibitors, but not pure UGT substrates, are significantly associated with high DILI concern",1
dual substrate inhibitors,high DILI concern,"only pure UGT inhibitors and dual substrate inhibitors, but not pure UGT substrates, are significantly associated with high DILI concern",1
colistin,ceftazidime,The results showed significantly higher ARF risk for colistin combinations with ceftazidime...,1
colistin,vancomycin,The results showed significantly higher ARF risk for colistin combinations with vancomycin...,1
colistin,meropenem,The results showed significantly higher ARF risk for colistin combinations with meropenem...,1
colistin,tigecycline,The results showed significantly higher ARF risk for colistin combinations with tigecycline...,1
Prednisolone,Diclofenac,Neither cassette dosing in the normal group nor discrete dosing in the arthritic group affected the pharmacokinetics (PK) of diclofenac.,1
Prednisolone,Methotrexate,"Further, the metabolism of methotrexate increased when combined with prednisolone.",1
Diclofenac,Methotrexate,The serum concentration of methotrexate increased when it was combined with diclofenac.,1
itraconazole,vincristine,The highest signal strengths for ileus were with itraconazole.,1
posaconazole,vincristine,"AEs associated with concomitant use of triazole antifungal drugs and vincristine were identified through retrospective analysis of 42 clinical case reports, of which itraconazole, posaconazole, and voriconazole were involved in 66.7%, 28.6%, and 4.8% of cases, respectively.",1
voriconazole,vincristine,"AEs associated with concomitant use of triazole antifungal drugs and vincristine were identified through retrospective analysis of 42 clinical case reports, of which itraconazole, posaconazole, and voriconazole were involved in 66.7%, 28.6%, and 4.8% of cases, respectively.",1
fluconazole,vincristine,"The FAERS database indicated that neurological and gastrointestinal systems were most commonly involved systems when combined use triazole antifungals and vincristine, with ileus being the most frequently reported AE.",1
+)-borneol,Retigabine (RTG),These results demonstrate that (+)-borneol enhances the antiseizure effects of RTG by both pharmacokinetic and pharmacodynamic interaction.,1
+)-borneol,KCNQ2 channels,(+)-borneol inhibited the KCNQ2 current at 100 µM,1
sofosbuvir/velpatasvir (SOF/VEL),comedications,"The DDI risk was present in 59.3% (277) of the SOF/VEL group and 51.5% (3,542) of the GLE/PIB group.",0
glecaprevir/pibrentasvir (GLE/PIB),comedications,In contrast with the 1.7% (115) in the GLE/PIB group who were identified as 'contraindication (red)'.,0
ritonavir,nirmatrelvir-ritonavir,"Ritonavir, a cytochrome P450 (CYP) CYP3A4 inhibitor, poses a risk of significant drug-drug interactions.",1
verapamil,nirmatrelvir-ritonavir,"Following fluid resuscitation, blood pressure support with norepinephrine, and calcium therapy for verapamil toxicity...",1
First-generation AEDs,"DOACs (Dabigatran, Rivaroxaban, Apixaban)","Compared with control AEDs, first-generation AEDs were associated with increased odds of reporting outcomes (reporting odds ratio {ROR}: 1.79, 95% confidence interval {CI}: 1.52-2.10, p<0.0001).",1
First-generation AEDs,DOACs (Edoxaban),"Compared with control AEDs, first-generation AEDs were associated with increased odds of reporting outcomes (reporting odds ratio {ROR}: 1.79, 95% confidence interval {CI}: 1.52-2.10, p<0.0001).",1
Dabigatran,None specified,"Dabigatran was associated with increased reporting of outcome (ROR: 1.74, 95% CI: 1.26-2.39).",1
Rivaroxaban,None specified,"Rivaroxaban was associated with increased reporting of outcome (ROR: 1.58, 95% CI: 1.24-2.02).",1
Apixaban,None specified,"Apixaban was associated with increased reporting of outcome (ROR: 2.07, 95% CI: 1.48-2.90).",1
DOAC,amiodarone,The DOAC PEff patients were significantly older and with more concurrent use of amiodarone.,0
DOAC,warfarin,"Logistic regression identified the following factors associated with moderately large or large PEff: DOAC (OR: 2.28; 95% CI: 1.19-4.37), warfarin (OR: 5.50; 95% CI: 1.88-16.06)",0
mefloquine,fluvoxamine,"Simulated mefloquine exposures increased by 88% when an interaction with fluvoxamine, a CYP1A2 inhibitor was modeled.",1
mefloquine,CYP1A2 inducers (heavy smoking),"Modeling showed that heavy smoking, and subsequent induction of CYP1A2, had a notable effect on mefloquine exposure.",1
mefloquine,CYP1A2 poor metabolizers (genotype status),The CYP1A2 genotype status also influenced mefloquine exposure with a predicted AUC ratio of 1.68 in a simulated population of CYP1A2 poor metabolizers.,1
remifentanil,CNS7054 (metabolite of remimazolam),"Remifentanil reduced the apparent clearance of CNS7054 with a half-maximum inhibition at 8.0 ng/ml (95% CI, 5.5 to 13.4 ng/ml)",1
remimazolam,remifentanil,A pharmacodynamic interaction was detected on all endpoints.,1
ticagrelor,rosuvastatin,"Our results suggest an important pharmacokinetic interaction between ticagrelor and rosuvastatin, leading to approximately two-fold higher rosuvastatin plasma concentrations in those receiving concomitant ticagrelor than in those receiving prasugrel or clopidogrel",1
DOACs,"CYP3A4/P-gp inducers (carbamazepine, phenobarbital, phenytoin)","Case reports (n = 6) indicated that antiepileptic drugs such as carbamazepine, phenobarbital and phenytoin may be associated with thromboembolic events",0
DOACs,"CYP3A4- and/or P-gp inducers (carbamazepine, phenobarbital, phenytoin)",Present literature indicates a higher thromboembolic risk in patients on DOAC treatment combining CYP3A4- and/or P-gp inducers,0
DOACs,Edoxaban,Limited evidence suggests that edoxaban may be an acceptable option in case of DOAC and CYP3A4/P-gp inducer interactions,0
Letermovir,Azole antifungals,Concomitant use of letermovir and azole antifungals affects tacrolimus concentration.,1
Letermovir,Fluconazole,"Therefore, in HCT recipients taking fluconazole, letermovir may affect the optimal tacrolimus conversion ratios...",1
ceftazidime/avibactam,tigecycline,"Our study reveals that the antagonistic interaction between ceftazidime/avibactam and tigecycline can undermine ceftazidime/avibactam's efficacy, suggesting limited clinical benefit in combining these antibiotics.",1
olanzapine,paracetamol,CSF entry of paracetamol increased following co-treatment with olanzapine.,1
lamotrigine,paracetamol-sulfate,transfer of paracetamol-sulfate increased with lamotrigine co-administration,1
Sotorasib,Digoxin,"Coadministration of digoxin with a single dose of sotorasib increased digoxin area under the concentration-time curve from time 0 extrapolated to infinity and maximum observed plasma concentration by factors of 1.21 and 1.91, respectively, compared with digoxin alone.",1
Sotorasib,P-glycoprotein transporter,In vitro studies suggested that sotorasib is a weak inhibitor of P-glycoprotein transporter.,1
Digoxin,P-glycoprotein transporter,Digoxin is a known substrate for P-glycoprotein.,1
Ritonavir,Cytochrome P450 enzymes,Ritonavir is a potent inhibitor of cytochrome P450 enzymes causing numerous drug-drug interactions (DDIs).,1
Paxlovid (nirmatrelvir and ritonavir),Cytochrome P450 enzymes,Ritonavir is a potent inhibitor of cytochrome P450 enzymes causing numerous drug-drug interactions (DDIs).,1
Paxlovid (nirmatrelvir and ritonavir),Other drugs,"A total of 313 DDIs were recorded in 114 (81.4%) patients, with severe interactions in 24 (17%) patients.",1
Paxlovid (nirmatrelvir and ritonavir),Severe renal impairment,"In 3 (2.1%) patients, Paxlovid® was prescribed despite being contraindicated due to severe renal impairment.",1
simvastatin,SLCO1B1 c.521 T > C variant,"For simvastatin, the DPWG recommends choosing an alternative in homozygotes for these gene variant",1
atorvastatin,SLCO1B1 c.521 T > C variant,"For atorvastatin, the DPWG recommends to preferably choose an alternative in carriers of this gene variant having additional risk factors for myopathy.",1
rosuvastatin,SLCO1B1 c.521 T > C variant,"For rosuvastatin, the DPWG recommends keeping the dose as low as possible in carriers of this gene variant with additional risk factors.",1
fluvastatin,SLCO1B1 c.521 T > C variant,No therapy adjustment is required for fluvastatin and pravastatin in carriers of this gene variant.,1
pravastatin,SLCO1B1 c.521 T > C variant,No therapy adjustment is required for fluvastatin and pravastatin in carriers of this gene variant.,1
glibenclamide,CYP2C9 gene variants,Although CYP2C9 gene variants may lead to increased levels of glibenclamide,1
gliclazide,CYP2C9 gene variants,Although CYP2C9 gene variants may lead to increased levels of glibenclamide,1
glimepiride,CYP2C9 gene variants,Although CYP2C9 gene variants may lead to increased levels of glibenclamide,1
tolbutamide,CYP2C9 gene variants,Although CYP2C9 gene variants may lead to increased levels of glibenclamide,1
methadone,ciprofloxacin,methadone-ciprofloxacin-respiratory depression,1
oxycodone,fluvoxamine,oxycodone-fluvoxamine-clonus,1
tramadol,fluconazole,tramadol-fluconazole-hallucination,1
simvastatin,fluconazole,simvastatin-fluconazole-rhabdomyolysis,1
ibrutinib,amiodarone,ibrutinib-amiodarone-atrial fibrillation,1
fentanyl,diltiazem,fentanyl-diltiazem-delirium,1
clarithromycin,voriconazole,clarithromycin-voriconazole-acute kidney injury,1
colchicine,cyclosporine,colchicine-cyclosporine-rhabdomyolysis,1
methadone,voriconazole,methadone-voriconazole-arrhythmia,1
Meropenem (MEPM),Valproic acid (VPA),"Total plasma concentration of VPA before carbapenem use was 53.61 mg/L, whereas it was 45.42 mg/L during carbapenem use.",1
Dordaviprone (ONC201),Rabeprazole,Six of the 16 participants reported treatment-emergent adverse events (TEAEs); dordaviprone-related TEAEs were reported by three participants and were limited to mild nausea and dizziness.,1
fluvoxamine,fezolinetant,Fluvoxamine 50 mg was administered as a single dose on Days 3 and 10 and twice daily from Days 4 to 9. Fluvoxamine increased geometric mean ratio of fezolinetant maximum plasma concentrations (Cmax) by 2.5-fold compared with Day 1.,1
smoking,fezolinetant,"The clinical impact of CYP1A2 inhibition and induction on single-dose pharmacokinetics of fezolinetant was assessed in an open-label, single-sequence, phase 1 study in healthy postmenopausal women, where the impact of fluvoxamine, a strong CYP1A2 inhibitor, and smoking, a moderate CYP1A2 inducer...",1
Itraconazole,Tacrolimus,the tacrolimus dose was reduced by 60% upon itraconazole initiation to maintain the target concentration,1
Rifampicin,Nevirapine,"Rifampicin, a strong CYP3A4 inducer and moderate CYP2B6 inducer...",1
Isoniazid,Nevirapine,"Isoniazid, a moderate CYP3A4 inhibitor...",1
Rifampicin/isoniazid,Nevirapine,"...for Caucasians, an increased regimen was recommended for Africans...",1
Ritonavir,RAY1216,"Ritonavir significantly inhibited drug metabolism, and increased drug exposure",1
Selective monoamine reuptake inhibitors,ATC N drugs (antidepressants),Treatments incorporating selective monoamine reuptake inhibitors significantly reduced maximum performance relative to controls.,1
QT-prolonging interactions,ATC N drugs (antidepressants),"The risk for potential drug-drug interactions, particularly those leading to QT interval prolongation, accounted for 47.5% of interactions involving ATC N drugs.",1
QT-prolonging interactions,Other potential interactions,Patients exclusively exposed to potential QT-prolonging interactions exhibited significantly reduced maximum performance compared to controls as well as patients who experienced different potential interactions.,1
dapagliflozin,cefazolin,"The highest ARF risk was observed with dapagliflozin-cefazolin [ROR adjusted (a) 59.63, 95% CI (9.96, 356.87); ROR adjusted (b) 19.88, 95% CI (1.80, 219.21); additive model (0.53); multiplicative model (8.36); PRR (8.53)]",1
empagliflozin,allopurinol,Consistent associations were found for empagliflozin-allopurinol,1
canagliflozin,vancomycin,Consistent associations were found for canagliflozin-vancomycin,1
Doxycycline,Warfarin,Doxycycline may potentiate the anticoagulant effects of warfarin by competing for albumin binding...,1
Methylene blue,"Serotonergic medications (including SSRIs, SNRIs, TCAs, MAOIs)",potential risk of serotonin syndrome,1
SSRIs,Methylene blue,concomitant use with methylene blue,1
SNRIs,Methylene blue,concomitant use with methylene blue,0
TCAs,Methylene blue,concomitant use with methylene blue,1
MAOIs,Methylene blue,concomitant use with methylene blue,0
tacrolimus (TAC),clarithromycin (CAM),the drug interaction between TAC and clarithromycin (CAM),1
midostaurin,midazolam,high midostaurin doses on the PK of midazolam,1
midostaurin,oral contraceptives containing ethinyl estradiol,incorporation of these parameters enabled DDI predictions of high midostaurin doses on the PK of oral contraceptives containing ethinyl estradiol,1
midostaurin,rosuvastatin,single-dose DDI with rosuvastatin and further extrapolated to predict steady-state DDI with other OATP1B drug substrates,1
GBP (Gabapentin),SFN (Sulforaphane),a combination of intermediate doses of these drugs enhanced their effects producing the same level as that obtained by using only 1/3 of the individual dose in each case.,1
Cefuroxime Axetil,Pantoprazole Sodium,The most frequent major interaction was between Cefuroxime Axetil and Pantoprazole Sodium.,1
Polypharmacy,pDDIs,Polypharmacy significantly increased the risk of pDDIs (OR: 3.960,0
atazanavir,alectinib,"atazanavir, darunavir, indinavir, and ritonavir significantly inhibited alectinib metabolism",1
darunavir,alectinib,"atazanavir, darunavir, indinavir, and ritonavir significantly inhibited alectinib metabolism",1
indinavir,alectinib,"atazanavir, darunavir, indinavir, and ritonavir significantly inhibited alectinib metabolism",1
ritonavir,alectinib,"atazanavir, darunavir, indinavir, and ritonavir significantly inhibited alectinib metabolism",1
TGP,celecoxib,"When celecoxib was used in combination with TGPC, the main pharmacokinetic parameters of celecoxib changed, and TGP could inhibit the metabolism of celecoxib in beagle dogs...",1
TGT,celecoxib,"...and TGT could also inhibit the metabolism of celecoxib in beagle dogs, thereby affecting the pharmacokinetic parameters of celecoxib and increasing plasma exposure to celecoxib.",1
DPP-4 inhibitors,Group A DPP-4 inhibitors (need dose adjustment),"Multivariate-adjusted Cox regression analysis showed that compared Group B, Group A DPP-4 inhibitors was associated with higher incidence rate of genital tract infection (hazard ratio (HR) 1.87, 95% Confidence Interval (CI) 1.18-2.99), and emergency department visit (HR 3.12, 95% CI 1.89-5.16).",1
Mobocertinib,Midazolam,"Coadministration of mobocertinib decreased the area under the plasma concentration-time curve from time zero to infinity of oral and intravenous midazolam by approximately 32% and 16%, respectively (geometric least-squares mean ratios of 0.676 and 0.837, respectively).",1
Tunodafil,Omeprazole,"The AUC of omeprazole in the Extensive, Intermediate and Poor Metabolizers increased by 26 %, 37 % and 21 %, respectively.",1
Tunodafil,Ritonavir,Ritonavir could strongly inhibit the metabolism of tunodafil,1
Ritonavir,Tunodafil,Ritonavir could strongly inhibit the metabolism of tunodafil,1
Omeprazole,CYP2C19,Tunodafil showed moderate inhibition on CYP2C19 in vitro,0
Ritonavir,CYP3A4/5,Tunodafil showed moderate inhibition on CYP3A4/5 in vitro,1
cannabidiol,tacrolimus,We hypothesized that cannabidiol would inhibit CYP3A-mediated metabolism of tacrolimus.,1
Adagrasib,Itraconazole,The PBPK model well-described the single and multiple-dose adagrasib PK data as well as DDI data with itraconazole...,1
Adagrasib,Rifampin,The PBPK model well-described the single and multiple-dose adagrasib PK data as well as DDI data with rifampin...,1
Adagrasib,Midazolam,The PBPK model well-described the single and multiple-dose adagrasib PK data as well as DDI data with midazolam...,1
Adagrasib,Warfarin,The PBPK model well-described the single and multiple-dose adagrasib PK data as well as DDI data with warfarin...,1
Adagrasib,Dextromethorphan,The PBPK model well-described the single and multiple-dose adagrasib PK data as well as DDI data with dextromethorphan...,1
Adagrasib,Digoxin,The PBPK model well-described the single and multiple-dose adagrasib PK data as well as DDI data with digoxin...,1
Adagrasib,CYP3A4 Inhibitors,"Strong, moderate, and weak inhibitors of CYP3A4 are predicted to have a negligible effect on the steady-state exposure of adagrasib 600 mg b.i.d.",1
Adagrasib,CYP3A4 Inducers,"Strong and moderate inducers of CYP3A4 are predicted to decrease adagrasib exposure by 68% and 22%, respectively.",1
Adagrasib,CYP2C9 Inhibitors,"As a perpetrator, adagrasib 600 mg b.i.d. is predicted to be a moderate inhibitor of CYP2C9...",1
Adagrasib,CYP2D6 Inhibitors,"As a perpetrator, adagrasib 600 mg b.i.d. is predicted to be a moderate inhibitor of CYP2D6...",1
Adagrasib,P-glycoprotein (P-gp) Inhibitors,"As a perpetrator, adagrasib 600 mg b.i.d. is predicted to be an inhibitor of P-glycoprotein (P-gp).",1
Clomipramine (CLOMI),Yohimbine (YOH),The geometric mean ratio of the area under the curve up to 12 h for MD YOH this ratio was 137% (90% confidence interval: 112-168%).,1
simvastatin,furosemide/Lasix,several possible DDIs were identified including furosemide/Lasix,1
allopurinol,clopidogrel/Plavix,several possible DDIs were identified including allopurinol clopidogrel/Plavix,1
pantoprazole,simvastatin,several possible DDIs were identified including pantoprazole,1
Voriconazole,Tacrolimus,The genotype of CYP2C19 plays an important role in the development of DDI during concurrent Tacrolimus and Voriconazole treatment.,1
Voriconazole,CYP3A4/5,"The STITCH database and DD-Inter system analysis also suggested that Tacrolimus and Voriconazole share a strong association in liver metabolism, most likely interacting with CYP3A4/5 and CYP2C19.",1
Garlic Extract (GE),Chemotherapy,"The combination of GE with standard therapies, including chemotherapy... reduced the efficacy of these treatments in tumor cells.",1
Garlic Extract (GE),Androgen Deprivation Therapy (ADT),"The combination of GE with standard therapies, including androgen deprivation therapy... reduced the efficacy of these treatments in tumor cells.",1
Garlic Extract (GE),Poly-(ADP-ribose)-Polymerase inhibitors (PARPi),"The combination of GE with standard therapies, including Poly-(ADP-ribose)-Polymerase inhibitors... reduced the efficacy of these treatments in tumor cells.",1
Garlic Extract (GE),CYP2C9,potentially due to the GE-induced upregulation of the metabolic enzyme CYP2C9 in PCa cell lines.,0
tizanidine,lisinopril,Profound hypotension caused by a tizanidine-lisinopril drug interaction is rare but potentially life-threatening.,1
Pravastatin,Ketamine,pravastatin blocked the long-term neuroplastic anti-dyskinetic effects of ketamine,1
bosentan,warfarin,The pharmacist proposed to increase the warfarin dose to 3.75 mg since the bosentan and warfarin interaction could lower PT-INR.,1
macitentan,warfarin,"The pharmacist and the physician during hospitalization planned to resume treatment with bosentan, but not with macitentan.",1
warfarin,macitentan,The pharmacist proposed to increase the warfarin dose to 3.75 mg since the bosentan and warfarin interaction could lower PT-INR.,1
enalapril,acetylsalicylic acid,The most common medicines involved in clinically significant pDDIs were enalapril (n = 179) and acetylsalicylic acid (n = 124).,1
long-acting sulfonylureas,aldosterone antagonists,"Besides, proton pump inhibitors (PPIs) (n = 41) and cardio-selective beta-blockers (n = 14) were the most common PPOs identified.",1
proton pump inhibitors (PPIs),cardio-selective beta-blockers,"Besides, proton pump inhibitors (PPIs) (n = 41) and cardio-selective beta-blockers (n = 14) were the most common PPOs identified.",1
Progesterone (PGS),Time-dependent inhibitors,Presence of PGS modified the inactivation efficiency for 36 compounds and eliminated the TDI signal for 5 compounds that were false positives.,1
Progesterone (PGS),False positives,Presence of PGS modified the inactivation efficiency for 36 compounds and eliminated the TDI signal for 5 compounds that were false positives.,1
Cannabidiol (CBD),Midazolam,"Others found no interaction of chronic CBD with midazolam, which can be explained if chronic CBD induces CYP3A enzymes",1
Cannabidiol (CBD),Rifampin,"Rifampin significantly induced CYP3A mRNA and activity across all lots, suggesting a synergistic effect",1
Cannabidiol (CBD),CYP3A inhibitors,"Not explicitly stated, but inferred from the fact that CBD is a time-dependent inhibitor of CYP3A",1
Delta-9-tetrahydrocannabinol (THC),CYP3A inhibitors,"Not explicitly stated, but inferred from the fact that THC is a time-dependent inhibitor of CYP3A",1
Rifampin,CYP3A enzymes,Rifampin significantly induced CYP3A mRNA and activity across all lots,1
ozanimod,ondansetron,The most common potential DDIs for ozanimod in UC and moderate-to-severe UC were ondansetron (18.6% and 22.7%)...,1
ozanimod,azithromycin,The most common potential DDIs for ozanimod in UC and moderate-to-severe UC were azithromycin (11.9% and 12.8%)...,1
ozanimod,hydrocodone,The most common potential DDIs for ozanimod in UC and moderate-to-severe UC were hydrocodone (9.0%-11.0%)...,1
ozanimod,fentanyl,The most common potential DDIs for ozanimod in UC and moderate-to-severe UC were fentanyl (9.0%-11.0%)...,1
ozanimod,albuterol,The most common potential DDIs for ozanimod in UC and moderate-to-severe UC were albuterol (9.0%-11.0%)...,1
ozanimod,ciprofloxacin,The most common potential DDIs for ozanimod in UC and moderate-to-severe UC were ciprofloxacin (9.0%-11.0%)...,1
ozanimod,metronidazole,The most common potential DDIs for ozanimod in UC and moderate-to-severe UC were metronidazole (9.0%-11.0%)...,1
JAK inhibitors (tofacitinib/upadacitinib),COVID-19 vaccines,"For JAK inhibitors, these were COVID-19 vaccines (30.7% and 31.4%)...",1
JAK inhibitors (tofacitinib/upadacitinib),infliximab,"For JAK inhibitors, these were infliximab (8.5% and 20.2%)...",1
JAK inhibitors (tofacitinib/upadacitinib),fluconazole,"For JAK inhibitors, these were fluconazole (6.1% and 6.8%)...",1
JAK inhibitors (tofacitinib/upadacitinib),azathioprine,"For JAK inhibitors, these were azathioprine (5.5% and 13.0%)...",1
Goldenseal,Metformin,Healthcare providers may consider cautioning patients about supplementing metformin pharmacotherapy with goldenseal to avoid risks for undesired changes in glycemic control.,1
dersimelagon,verapamil,The effect of co-administering verapamil on 100-mg dersimelagon PK (as substrate drug) were investigated,1
dersimelagon,substrate drugs,The impact of 300-mg dersimelagon on the pharmacokinetics (PK) of substrate drugs,1
Zongertinib,Carbamazepine,"Upon co-administration with carbamazepine in Study Period 2, AUC",1
cannabinoids,methadone,"Based on the findings, caution is warranted when cannabis or cannabinoids are used in combination with prescribed medications...",1
cannabinoids,everolimus,"Based on the findings, caution is warranted when cannabis or cannabinoids are used in combination with prescribed medications...",1
cannabinoids,fluoxetine,"Based on the findings, caution is warranted when cannabis or cannabinoids are used in combination with prescribed medications...",1
cannabinoids,paroxetine,"Based on the findings, caution is warranted when cannabis or cannabinoids are used in combination with prescribed medications...",1
cannabinoids,cytochrome P450s,"Cannabinoids may inhibit drug-metabolizing enzymes, including several cytochrome P450s...",1
clarithromycin,docetaxel,drugs that inhibit these transporters,1
rifampicin,docetaxel,drugs that induce these transporters,1
Mavacamten,Coadministered medications (inhibitors/inducers of CYP2C19),"consequently, coadministered medications that inhibit or induce these enzymes may significantly alter mavacamten pharmacokinetics",1
Mavacamten,Antithrombotic agents,potentially leading to reversible systolic dysfunction or diminished therapeutic efficacy,1
Mavacamten,Antiarrhythmic agents,potentially leading to reversible systolic dysfunction or diminished therapeutic efficacy,1
sotorasib,omeprazole,"Upon coadministration of 960 mg of sotorasib and 40 mg of omeprazole under fasted conditions, sotorasib area under the concentration-time curve (AUC) and maximum observed plasma concentration (Cmax) were significantly increased...",1
DP,SP,co-administration of DP + SP was associated with a 19% reduction in piperaquine AUC (P = 0.046),0
Dersimelagon,Atorvastatin,"The systemic exposure of atorvastatin based on the maximum plasma concentration and area under the plasma concentration-time curve was predicted to increase 1.42-fold and 1.45-fold, respectively, with dersimelagon 200 mg",1
Dersimelagon,Rosuvastatin,"The systemic exposure of rosuvastatin followed trends similar to atorvastatin (2.40-fold and 1.69-fold increase in maximum plasma concentration and area under the plasma concentration-time curve, respectively, with dersimelagon 200 mg)",1
Posaconazole (POS),Vincristine (VCR),Co-administration of POS increased VCR exposure by 0.4-fold,1
Ticagrelor,Cytochrome P450 3A4/5 enzyme inducers,"due to increased clearance, causing diminished antiplatelet effects",1
Chloroquine,Metoclopramide,Chloroquine was found to attenuate CYP2D6 activity,1
palbociclib,analgesics,the potential drug interactions of palbociclib and ribociclib with analgesics...,1
palbociclib,acid-reducing agents,the potential drug interactions of palbociclib and ribociclib with acid-reducing agents...,1
palbociclib,statins,the potential drug interactions of palbociclib and ribociclib with statins...,1
ribociclib,analgesics,the potential drug interactions of palbociclib and ribociclib with analgesics...,1
ribociclib,acid-reducing agents,the potential drug interactions of palbociclib and ribociclib with acid-reducing agents...,1
ribociclib,statins,the potential drug interactions of palbociclib and ribociclib with statins...,1
Muscarinic receptor antagonists,oral corticosteroids,"Muscarinic receptor antagonists, oral corticosteroids, β2 agonists and methylxanthines showed potential of entering into clinically significant DDIs",1
Muscarinic receptor antagonists,β2 agonists,"Muscarinic receptor antagonists, oral corticosteroids, β2 agonists and methylxanthines showed potential of entering into clinically significant DDIs",1
Muscarinic receptor antagonists,methylxanthines,"Muscarinic receptor antagonist, oral corticosteroids, β2 agonists and methylxanthines showed potential of entering into clinically significant DDIs",1
Leukotriene antagonists,biologicals,Leukotriene antagonists and biologicals showed no potential for the above.,1
Isoniazid,Phenytoin,concomitant use of phenytoin and isoniazid predisposes to phenytoin toxicity,1
valproate,paliperidone,"Literature suggests that valproate can prolong the gastrointestinal retention time of paliperidone, leading to increased absorption and enhanced dopaminergic blockade.",1
statins,gabapentinoids,"particularly when co-administered with statins (as observed in 7 cases where symptom onset occurred following combination therapy), drug-drug interactions may lead to accumulation of medicinal products, thereby significantly increasing the risk of rhabdomyolysis.",1
Noni,Phenytoin,"combination of noni and phenytoin be avoided, as it may reduce phenytoin concentrations to subtherapeutic levels",1
voriconazole,anlotinib,potential DDI between voriconazole and anlotinib,1
Rifampicin,Levothyroxine,"The co-administration of rifampicin, a potent enzyme inducer, destabilized the patient's levothyroxine therapy.",1
Clozapine,Zopiclone,"When patients with BD have no combined medication of zopiclone or zolpidem tartrate, the recommended doses of clozapine for patients at 40-45 kg, 45-60 kg, 60-78 kg, 78-106 kg, and 106-120 kg are 10 mg/kg/day, 9 mg/kg/day, 8 mg/kg/day, 7 mg/kg/day, and 6 mg/kg/day, respectively. When patients with BD are combined with zopiclone, the recommended doses of clozapine for patients at 40-60 kg and 60-120 kg are 4 mg/kg/day and 3 mg/kg/day, respectively.",1
Clozapine,Zolpidem tartrate,"When patients with BD have no combined medication of zopiclone or zolpidem tartrate, the recommended doses of clozapine for patients at 40-45 kg, 45-60 kg, 60-78 kg, 78-106 kg, and 106-120 kg are 10 mg/kg/day, 9 mg/kg/day, 8 mg/kg/day, 7 mg/kg/day, and 6 mg/kg/day, respectively. When patients with BD are combined with zolpidem tartrate, the recommended doses of clozapine for patients at 40-52 kg and 52-120 kg are 5 mg/kg/day and 4 mg/kg/day, respectively.",1
fluvoxamine maleate,clozapine,fluvoxamine reduced clozapine clearance by 56.5%,1
clozapine,fluvoxamine maleate,"When patients with depression patient are treated with fluvoxamine maleate, the dosage of clozapine needs to be reduced.",1
tropifexor,crizotinib,"In rat liver microsomes (RLM), tropifexor inhibited the metabolism of crizotinib",1
Cenobamate,Zonisamide,"In subjects co-administered zonisamide, higher CNBp were observed",1
Cenobamate,Phenobarbital,"In subjects co-administered phenobarbital, higher CNBp were observed",1
Cenobamate,Perampanel,"In subjects co-administered perampanel, higher CNBp were observed",1
Cenobamate,Brivaracetam,Lower CNBp were linked to brivaracetam,1
Cenobamate,Topiramate,Lower CNBp were linked to topiramate,1
Cenobamate,Lamotrigine,Lower CNBp were linked to lamotrigine,1
Cenobamate,Levetiracetam,Lower CNBp were linked to levetiracetam,1
Cenobamate,Carbamazepine,"A modest decrease in CNBp was associated with carbamazepine, consistent with its known enzyme-inducing effect",1
Clozapine,Zopiclone,"When zopiclone was taken concurrently, clozapine dosage need to be reduced",1
loratadine,dabrafenib,"Loratadine was identified as the most potent inhibitor, with IC50 value of 0.15 μM",1
DEX (Dexmedetomidine),ESK (Esketamine) / NORK (Norketamine),The pharmacokinetic DDI results indicate that DEX could significantly increase the systemic exposure of both ESK and NORK,1
CYP2C8 inducers,not specified,"Based on authoritative sources (FDA, EMA, DrugBank), and literature, this review identified 5 inducers of CYP2C8.",1
CYP2C8 inhibitors,not specified,53 strong/moderate inhibitors of CYP2C8 were identified.,1
CYP2C8 substrates,not specified,32 major/intermediate substrates of CYP2C8 were identified.,1
tafamidis,rosuvastatin,Myalgias and elevated liver enzymes were the most frequent adverse events... One case of rhabdomyolysis was reported with atorvastatin 80 mg.,1
tafamidis,atorvastatin,Fourteen patients (12%) experienced changes in their statin regimen... with 7 involving rosuvastatin and 6 with atorvastatin due to adverse effects or proactive adjustments.,1
amiodarone,statins (including atorvastatin),"Risk factors for statin intolerance, including advanced age and use of amiodarone, contributed to statin change.",1
pregabalin,thioctic acid,co-administration of pregabalin and thioctic acid produces synergistic antiallodynic effects,1
Enteral Nutrition (EN),Valproic Acid (VPA),...which may lead to reduced drug absorption and significant clinical implications. Clinicians should closely monitor serum levels...,1
palbociclib,apixaban,The results demonstrated that palbociclib significantly increased the exposure of both apixaban and rivaroxaban.,1
palbociclib,rivaroxaban,The results demonstrated that palbociclib significantly increased the exposure of both apixaban and rivaroxaban.,1
nirmatrelvir/ritonavir,voriconazole,"The remaining 8 cases (50.0%) fell outside the therapeutic range, including 7 cases (87.5%) with supratherapeutic concentrations.",1
Sailuotong (SLT),Pitavastatin (PIV),Combining SLT and PIV can lead to HDIs,1
alteplase,aspirin,HT and/or ICH signals were detected in patients receiving alteplase in combination with aspirin,1
alteplase,P2Y12 inhibitors,HT and/or ICH signals were detected in patients receiving alteplase in combination with P2Y12 inhibitors,1
alteplase,cilostazol,HT and/or ICH signals were detected in patients receiving alteplase in combination with cilostazol,1
alteplase,ozagrel sodium,HT and/or ICH signals were detected in patients receiving alteplase in combination with ozagrel sodium,1
alteplase,direct oral anticoagulants,HT and/or ICH signals were detected in patients receiving alteplase in combination with direct oral anticoagulants,1
alteplase,warfarin potassium,HT and/or ICH signals were detected in patients receiving alteplase in combination with warfarin potassium,1
alteplase,heparin group,HT and/or ICH signals were detected in patients receiving alteplase in combination with heparin group,1
alteplase,argatroban,HT and/or ICH signals were detected in patients receiving alteplase in combination with argatroban,1
Rivaroxaban,Fluconazole,Concomitant administration of rivaroxaban and fluconazole significantly increases the risk of bleeding events,1
Rifampicin,Clozapine,ATT can influence clozapine levels,1
Isoniazid,Clozapine,impact clozapine metabolism and levels through induction or inhibition of the hepatic cytochrome P450 (CYP450) enzyme system,1
Fluconazole,Phenobarbital (PB),leading to clinically relevant toxicity,1
metronidazole,tacrolimus,The long-term concomitant use of metronidazole is likely to elevate the trough concentration of tacrolimus.,1
Nirmatrelvir/Ritonavir,Voriconazole,"Nirmatrelvir/ritonavir, an oral antiviral for COVID-19, inhibits CYP isoforms potentially altering the metabolism of co-administered drugs.",1
Voriconazole,Nirmatrelvir/Ritonavir,"Unexpectedly, voriconazole plasma concentrations increased significantly (7.78 mg/L) instead of the anticipated decrease...",1
Rifampicin,Isavuconazole,Rifampicin decreased the exposure of isavuconazole.,1
Flucloxacillin,Isavuconazole,Flucloxacillin decreased the exposure of isavuconazole.,1
Phenobarbital,Isavuconazole,Phenobarbital decreased the exposure of isavuconazole.,1
Ketoconazole,Isavuconazole,Ketoconazole significantly increased the exposure of isavuconazole.,1
Ritonavir,Isavuconazole,Ritonavir significantly increased the exposure of isavuconazole.,1
Berberine hydrochloride (BBR),Tofacitinib (TOFA),"However, due to BBR's inhibition or induction of various drug-metabolizing enzymes, it significantly affects some of the pharmacokinetic parameters of TOFA and FIGA.",1
Berberine hydrochloride (BBR),Fligotinib (FIGA),"However, due to BBR's inhibition or induction of various drug-metabolizing enzymes, it significantly affects some of the pharmacokinetic parameters of TOFA and FIGA.",0
Tofacitinib (TOFA),Berberine hydrochloride (BBR),"However, due to BBR's inhibition or induction of various drug-metabolizing enzymes, it significantly affects some of the pharmacokinetic parameters of TOFA and FIGA.",1
Fligotinib (FIGA),Berberine hydrochloride (BBR),"However, due to BBR's inhibition or induction of various drug-metabolizing enzymes, it significantly affects some of the pharmacokinetic parameters of TOFA and FIGA.",0
Voriconazole (VOR),Venetoclax (VEN),"VOR was able to significantly increase the Ctrough (3.40 vs. 0.99, p < 0.001) of VEN.",1
Posaconazole (POS),Venetoclax (VEN),"The drug-drug interactions (DDI), safety and economic implications of VEN with VOR in the Chinese population, who may have unique drug exposures, are unclear.",1
Rosuvastatin,Ezetimibe,"Simulations showed LDL-C reductions of -51.0% (rosuvastatin), -25.3% (ezetimibe), and -60.7% (co-therapy), supporting the additive efficacy of co-therapy.",1
Ezetimibe,Rosuvastatin,EHC increased the exposure of total ezetimibe with limited LDL-C lowering effects.,1
Olanzapine,Paroxetine,"With paroxetine, olanzapine administration dosages of 0.3 and 0.2 mg/kg/day were recommended for patients with major depressive disorder in the groups weighing 40 to 85 kg and 85 to 100 kg, respectively.",1
Gliquidone,Tofacitinib,Gliquidone inhibited the metabolism of tofacitinib by heparanase in vitro,1
Linagliptin,Tofacitinib,Linagliptin inhibited the metabolism of tofacitinib by heparanase in vitro,1
Quercetin,Ziprasidone,Quercetin significantly inhibited ziprasidone metabolism in vitro...,1
Ziprasidone,Quercetin,"...in vivo coadministration led to marked increasing in ziprasidone's AUC, CLz/F, and Cmax.",1
Danazol,Simvastatin,"The third checker identified 49 and 43 DDIs for Danazol (22% severe, regarding Simvastatin) and Berotralstat (0%).",1
Danazol,Rivaroxaban,"The second checker identified, respectively, 66 and 14 DDIs for Danazol (20% severe, regarding Simvastatin and Rivaroxaban) and Berotralstat (0% severe).",1
Danazol,Berotralstat,CONCLUSION: Berotralstat was consistently associated with a reduced risk of DDIs compared with Danazol.,1
Hydroxychloroquine (HCQ),Methotrexate (MTX),"The observed increases in MTX Cmax and AUC suggest the need for careful monitoring of MTX-related adverse effects, particularly in patients with renal insufficiency, during combination treatment with HCQ.",1
Carbamazepine,Factor Xa inhibitors (FXaI),Carbamazepine reduced the area under the plasma concentration-time curve (AUC) of FXaI to a clinically relevant extent...,1
Gabapentin,None mentioned,Gabapentin and pregabalin do not require dose adjustment of FXaI.,1
Pregabalin,None mentioned,Gabapentin and pregabalin do not require dose adjustment of FXaI.,1
Iodinated contrast media,Metformin,Using iodinated contrast media and metformin together increased the risk of lactic acidosis,1
NSAIDs,Sulfonylureas,Using NSAIDs and sulfonylureas simultaneously increased the risk of hypoglycemia,1
tadalafil,IPW5371,"The combined use of anti-fibrotic agents, tadalafil and IPW5371, caused increased male mouse mortality associated with ascending and thoracic aortic rupture compared to mice that only received one of the drugs.",0
irradiation,tadalafil + IPW5371 combination therapy,"Irradiation protected against lesions caused by the combination therapy as non-irradiated male mice had significantly worse outcomes as compared to irradiated male mice, substantiating the drug-drug interaction independent of the radiation effects.",1
Ergotamine,CYP3A4 inhibitors,Concurrent use of ergotamine with CYP3A4 inhibitors can significantly increase the risk of ergotism.,1
Ergotamine,Ritonavir,The correct diagnosis of ergotism-induced vasospasm due to ritonavir-ergotamine interaction was delayed.,1
isavuconazole,voriconazole,"Although antifungal agents are often used concomitantly with cyclosporine, the effect of switching from voriconazole to isavuconazole on the blood cyclosporine level remains unclear.",1
isavuconazole,cyclosporine,Maintaining a two-hour dosing interval between isavuconazole and cyclosporine may minimize gastrointestinal drug interactions.,1
voriconazole,cyclosporine,"Although antifungal agents are often used concomitantly with cyclosporine, the effect of switching from voriconazole to isavuconazole on the blood cyclosporine level remains unclear.",1
Luteolin (LUT),Atorvastatin (ATV),LUT inhibited ATV as the non-competitive form in rat liver microsomes (RLMs).,1
Luteolin nanosuspensions (LUT-NS-LP),Atorvastatin (ATV),LUT nanosuspensions could significantly increase systemic exposure to ATV by inhibiting CYP450s and OATPs activities.,1
regorafenib,sirolimus,Regorafenib exerts a regulatory influence on the blood concentrations of sirolimus by inhibiting the activity of CYP3A4 and P-gp...,1
fluconazole,apixaban,"The use of fluconazole appeared associated with CRNMB (OR 3.6, 95% confidence interval (CI) 0.99-13)",1
clopidogrel,remimazolam,our evaluation of the drug-drug interactions between remimazolam and several other substrates/inhibitors of CES1... found that clopidogrel significantly inhibited remimazolam hydrolysis at clinically relevant concentrations,1
Rifampicin,Midazolam,"victim pharmacokinetic studies were conducted with midazolam (high clearance) following perpetrator drug treatment, rifampicin-mediated induction, which resulted in a 2-fold increase in midazolam intrinsic clearance values",1
Rifampicin,Alprazolam,"victim pharmacokinetic studies were conducted with alprazolam (low clearance) following perpetrator drug treatment, rifampicin-mediated induction, which resulted in a 2.6-fold increase in alprazolam intrinsic clearance values",1
clopidogrel,Proton pump inhibitors (PPIs),Concomitant use of Proton pump inhibitors along with clopidogrel may affect the potency of clopidogrel by CYP2C19 inhibition,1
clopidogrel,ilaprazole,Ilaprazole (13.6%) and pantoprazole (13.6%) were characterized by fewer targets being shared with clopidogrel compared to conventional PPIs,1
clopidogrel,pantoprazole,Ilaprazole (13.6%) and pantoprazole (13.6%) were characterized by fewer targets being shared with clopidogrel compared to conventional PPIs,1
clopidogrel,rabeprazole,"CYP2C19 functioned as a hub gene in the interactions with rabeprazole, lansoprazole, dexlansoprazole, omeprazole, and esomeprazole",1
clopidogrel,lansoprazole,"CYP2C19 functioned as a hub gene in the interactions with rabeprazole, lansoprazole, dexlansoprazole, omeprazole, and esomeprazole",1
clopidogrel,dexlansoprazole,"CYP2C19 functioned as a hub gene in the interactions with rabeprazole, lansoprazole, dexlansoprazole, omeprazole, and esomeprazole",1
clopidogrel,omeprazole,"CYP2C19 functioned as a hub gene in the interactions with rabeprazole, lansoprazole, dexlansoprazole, omeprazole, and esomeprazole",1
clopidogrel,esomeprazole,"CYP2C19 functioned as a hub gene in the interactions with rabeprazole, lansoprazole, dexlansoprazole, omeprazole, and esomeprazole",1
pantoprazole,clopidogrel,Ilaprazole (13.6%) and pantoprazole (13.6%) were characterized by fewer targets being shared with clopidogrel compared to conventional PPIs,1
ilaprazole,clopidogrel,Ilaprazole (13.6%) and pantoprazole (13.6%) were characterized by fewer targets being shared with clopidogrel compared to conventional PPIs,1
cangrelor,thienopyridine (excluding ticagrelor),"Transitioning from cangrelor to a thienopyridine, but not ticagrelor, can be associated with a drug-drug interaction (DDI)",1
cangrelor,ticagrelor,"On the other hand, ticagrelor seems to be an optimal oral agent for continuation of P2Y12 inhibition in patients receiving cangrelor infusion",1
cangrelor,clopidogrel,A LD (loading dose) of clopidogrel should be administered at the time the infusion of cangrelor ends or within 30 minutes before the end of infusion,1
cangrelor,prasugrel,A LD (loading dose) of prasugrel should be administered at the time the infusion of cangrelor ends or within 30 minutes before the end of infusion,1
cangrelor,oral antiplatelet agents,Administration of any oral antiplatelet agent at the end of a cangrelor infusion will also result in a transient period of increased platelet reactivity,1
Nirmatrelvir/Ritonavir,Sirolimus,Providers should therefore be cautious when prescribing nirmatrelvir/ritonavir to kidney transplant recipients currently receiving sirolimus...,1
SGLT2Is,ARNI,The combined impact of SGLT2Is and ARNI on acute kidney injury (AKI) remains unclear.,0
Canagliflozin,ARNI,"A stronger AKI signal in cotherapy of canagliflozin and ARNI (16.82, 3.75-75.57, P < 0.001).",0
SGLT2Is,Diuretics,"When cotherapy is unavoidable, early monitoring of renal function, blood volume, and blood pressure is excessively crucial. However, it is relatively safe in patients with HF.",0
CBN,melatonin,We found CBN potently inhibited CYP1A2-mediated metabolism of melatonin,1
CBN,caffeine,we recently reported that CBN potently inhibited the CYP1A2-mediated metabolism of caffeine.,1
Imatinib,Tacrolimus,Imatinib increased tacrolimus blood concentrations after single and multiple administrations.,1
"c-MET inhibitors (cabozantinib, crizotinib, PHA665752)",chemotherapeutic agent doxorubicin,"the combination of c-MET inhibitors with the chemotherapeutic agent doxorubicin synergistically enhanced cytotoxicity in MDR cells, as evidenced by combination index (CI) values of 0.54 ± 0.08, 0.69 ± 0.1, and 0.85 ± 0.07 for cabozantinib, crizotinib, and PHA665752, respectively.",1
PHA-665752,ABCB1 ATPase activity,PHA-665752 suppressed ABCB1 ATPase activity at high concentration,1
Dexamethasone,Asparaginase,co-medication with asparaginase,1
clopidogrel,ART (antiretroviral therapy),"93 PLWH (60%) had a DDI at time of P2Y12inh initiation, with highest incidence in the clopidogrel group (n = 84, 71%)",1
ticagrelor,ART (antiretroviral therapy),"93 PLWH (60%) had a DDI at time of P2Y12inh initiation, with highest incidence in the clopidogrel group (n = 84, 71%), followed by ticagrelor (n = 9, 39%)",1
prasugrel,ART (antiretroviral therapy),none with prasugrel,1
Lenacapavir,Moderate/Strong Inducers,the possibility to manage DDIs with moderate/strong inducers by reducing lenacapavir dosing interval.,1
cannabidiol (CBD),sirolimus,"a potential cannabidiol (CBD)/sirolimus or delta-9-tetrahydrocannabinol (THC)/sirolimus interaction and a THC/tacrolimus interaction, both resulting in drug toxicity",1
delta-9-tetrahydrocannabinol (THC),sirolimus,"a potential cannabidiol (CBD)/sirolimus or delta-9-tetrahydrocannabinol (THC)/sirolimus interaction and a THC/tacrolimus interaction, both resulting in drug toxicity",1
delta-9-tetrahydrocannabinol (THC),tacrolimus,"a potential cannabidiol (CBD)/sirolimus or delta-9-tetrahydrocannabinol (THC)/sirolimus interaction and a THC/tacrolimus interaction, both resulting in drug toxicity",1
Ritonavir,Tacrolimus,ritonavir of Paxlovid has been identified as a potent inhibitor of CYP3A enzymes.,1
Paxlovid (nirmatrelvir/ritonavir),Tacrolimus,"Paxlovid can inhibit the CYP3A-mediated metabolism of tacrolimus, resulting in elevated plasma concentrations of tacrolimus and toxicity.",1
ritonavir,other co-administered drugs substrates,"ritonavir, used to boost nirmatrelvir pharmacokinetics, can also inhibit or induce the metabolism of other co-administered drugs substrates.",1
Paxlovid (nirmaltrevir/ritonavir),Tacrolimus,This acute kidney injury was attributed to tacrolimus toxicity resulting from a drug-drug interaction with Paxlovid.,1
Paxlovid (nirmaltrevir/ritonavir),Calcineurin inhibitors,"current Australian guidelines recommend against Paxlovid use in adults taking medications that are heavily dependent on CYP3A4 for clearance, including calcineurin and mammalian target of rapamycin inhibitors",1
Paxlovid (nirmaltrevir/ritonavir),Mammalian target of rapamycin inhibitors,"current Australian guidelines recommend against Paxlovid use in adults taking medications that are heavily dependent on CYP3A4 for clearance, including calcineurin and mammalian target of rapamycin inhibitors",1
Aspirin,"Thiopurines (e.g., azathioprine, 6-mercaptopurine)","TPMT is inhibited by many drugs that are co-administered to treat symptoms associated with diseases treated with thiopurines. For example, aspirin and other anti-inflammatory drugs...",1
Olsalazine,"Thiopurines (e.g., azathioprine, 6-mercaptopurine)","...including olsalazine, sulfasalazine, and balsalazide, inhibit TPMT.",1
Sulfasalazine,"Thiopurines (e.g., azathioprine, 6-mercaptopurine)","...including olsalazine, sulfasalazine, and balsalazide, inhibit TPMT.",1
Balsalazide,"Thiopurines (e.g., azathioprine, 6-mercaptopurine)","...including olsalazine, sulfasalazine, and balsalazide, inhibit TPMT.",1
resveratrol,BDQ (Bedaquiline),"Remarkably, resveratrol increased the level of exposure of BDQ.",1
Olaparib (OLA),Regorafenib (REG),OLA was shown to significantly affect the pharmacokinetics of REG and its active metabolites M-2 and M-5 in rats after co-administration of both drugs.,1
Regorafenib (REG),Olaparib (OLA),"The AUC ratios (study group/control group) were 3.41 and 3.39 for REG and OLA, respectively, indicating that REG and OLA were moderate inhibitors in this preclinical study.",1
Phenytoin (PHT),Capecitabine,We report a case of phenytoin(PHT) toxicity due to a drug interaction with capecitabine...,1
aspirin,clopidogrel,Common potential interactions included aspirin with clopidogrel and rosuvastatin.,1
rosuvastatin,aspirin or clopidogrel,Common potential interactions included aspirin with clopidogrel and rosuvastatin.,1
almonertinib,nicardipine,"According to the findings, it was indicated that nicardipine could inhibit the metabolism of almonertinib",1
zuranolone,alprazolam/ethanol,Zuranolone prescribers and patients should be aware of the potential for increased central nervous system-depressant effects if coadministered with GABAergic active compounds such as alprazolam and ethanol.,1
Rivaroxaban,Verapamil,This combination therapy can increase systemic exposure to rivaroxaban and the risk of major bleeding and intracranial hemorrhage.,1
Ticagrelor,"Statins (specifically, rosuvastatin)","Rhabdomyolysis is a very rare but severe adverse event, which is specific for statins which can be triggered by DDIs that increase statin's concentrations through blockade of their biotransformation and/or elimination...",1
Ticagrelor,BCRP (breast cancer resistance protein),"Recent studies in vitro, pharmacokinetic trials and in silico drug modelling identified and validated the BCRP inhibition by ticagrelor...",1
amlodipine,atorvastatin,a slight increase in systemic exposure to atorvastatin by approximately 23%,1
Linsitinib,Warfarin,can cause CYP-mediated drug-drug interactions with warfarin,1
Vatalanib,Warfarin,can cause CYP-mediated drug-drug interactions with warfarin,1
Linsitinib,Apixaban,"can cause CYP-mediated drug-drug interactions with warfarin and, to a lesser extent, with apixaban",1
Vatalanib,Apixaban,"can cause CYP-mediated drug-drug interactions with warfarin and, to a lesser extent, with apixaban",1
vatiquinone,itraconazole,The coadministration of 400 mg of vatiquinone with 200 mg of itraconazole resulted in increased maximum observed concentration (Cmax) and area under the curve (AUC) of vatiquinone.,1
quetiapine,propofol,"The diQTP occurred in 883 of patient admissions (29%) and was more frequent in those with higher risk score, with 46% of patient admissions with diQTP in high risk, 23% in moderate risk, and 8% in low risk. The most common QTc DDI alerts overridden resulting in an diQTP were quetiapine and propofol (11%)...",1
amiodarone,haloperidol,The most common QTc DDI alerts overridden resulting in an diQTP were quetiapine and propofol (11%) and amiodarone and haloperidol (7%).,1
eriocitrin,hesperidin,DDI predictions indicated that eriocitrin's serum concentration increases when combined with hesperidin,1
hesperetin,certain flavonoids,DDI predictions indicated that hesperetin's metabolism decreases with certain flavonoids,1
Ketamine,Lovastatin,"Sub-anesthetic ketamine attenuated the development of AIMs, while lovastatin only showed anti-dyskinetic activity at the beginning of the priming but did not prevent the development of LID.",1
Ketamine,Pravastatin,"The polar pravastatin blocked the long-term anti-dyskinetic effects of ketamine, while the non-polar lovastatin did not.",1
cimetidine,metformin,cimetidine as an OCT inhibitor,1
metformin,cimetidine,"Relative to baseline, metformin systemic plasma exposure increased by 24%",1
Itraconazole,Rifampicin,The reason for treatment failure was likely to be drug interaction (suboptimal levels of itraconazole due to rifampicin).,1
DOACs,amiodarone,"Concomitant use of DOACs with amiodarone, but not dronedarone or propafenone, increases the risk of major bleeding, particularly intracranial bleeding.",0
DOACs,dronedarone,"Concomitant use of DOACs with amiodarone, but not dronedarone or propafenone, increases the risk of major bleeding...",0
DOACs,propafenone,"Concomitant use of DOACs with amiodarone, but not dronedarone or propafenone, increases the risk of major bleeding...",0
naringenin,tepotinib,...accompanied by a decrease in clearance rate when administered with 50 mg/kg naringenin.,1
Ritonavir,Digoxin,"Due to the narrow therapeutic window of digoxin, combined use [with ritonavir] may lead to severe toxic effects.",1
Itraconazole,SKLB1028,Itraconazole increased the AUC and Cmax of SKLB1028,1
Gemfibrozil,SKLB1028,Gemfibrozil inhibited the metabolism of SKLB1028 (no specific effect on AUC or Cmax mentioned),1
Rifampin,SKLB1028,Rifampin increased the AUC and Cmax of SKLB1028,1
Letermovir,CYP3A inhibitors,Letermovir is a moderate inhibitor of CYP3A,1
Letermovir,CYP2C8 inhibitors,Letermovir is a moderate inhibitor of CYP2C8,1
Letermovir,OATP1B1/3 inhibitors,Letermovir is a moderate inhibitor of OATP1B1/3,1
Maribavir,CYP2C9 inhibitors,Maribavir is a moderate CYP2C9 inhibitor,1
Letermovir,CYP2C19 inducers,Letermovir is a moderate inducer of CYP2C19,1
Maribavir,CYP3A substrates,Maribavir is a substrate of CYP3A,1
Abiraterone,Common medications (via CYP2D6 inhibition),"These interactions, particularly through pathways like CYP2D6 inhibition by abiraterone...",1
Enzalutamide,Common medications (via CYP3A4 induction),...and CYP3A4 induction by enzalutamide and apalutamide...,1
Apalutamide,Common medications (via CYP3A4 induction),...and CYP3A4 induction by enzalutamide and apalutamide...,1
Finerenone,Fluconazole,"Additionally, the administration of finerenone in the presence of fluconazole resulted in elevated K",1
Finerenone,Ritonavir,"The NCA results indicated that the area under the plasma concentration-time curve (AUC) of finerenone increased by 1.86- and 1.95-fold when coadministered with fluconazole and ritonavir, respectively.",1
dual inhibitor,molnupiravir,"For SARS-CoV-2, an optimized dual inhibitor completely blocked viral replication in human airway epithelial cells at 5 nM and displayed a synergistic drug interaction with the nucleoside analog molnupiravir.",1
IL-6,"CYP450 substrates (e.g., caffeine, omeprazole)",Interleukin-6 can suppress the activity of important enzymes in the body (cytochrome [CYP] P450s) that are involved in drug clearance.,1
IL-6,CYP2C19 substrates,"The maximum IL-6 profile predicted weak-to-moderate impact on exposure of CYP2C19, CYP3A4, and CYP3A5 substrates...",1
IL-6,CYP3A4 substrates,"...The maximum IL-6 profile predicted weak-to-moderate impact on exposure of CYP2C19, CYP3A4, and CYP3A5 substrates...",1
IL-6,CYP3A5 substrates,"...The maximum IL-6 profile predicted weak-to-moderate impact on exposure of CYP2C19, CYP3A4, and CYP3A5 substrates...",1
IL-6,CYP1A2 substrates,...The maximum IL-6 profile predicted minimal impact on exposure of CYP1A2 substrates at both RP2Ds.,1
IL-6,CYP2C9 substrates,...Impact on exposure of CYP2C9 substrates was predicted as minimal at QW and minimal-to-weak at Q2W RP2Ds.,1
Valproic acid (VPA),Flucloxacillin,"When VPA is used for epilepsy, it is advised to consider alternative antibiotics to avoid this interaction.",1
Dexamethasone,Sunitinib,"Compare to control group, the low-dose dexamethasone group and high-dose dexamethasone group decreased the AUC",1
cedirogant,rosuvastatin,Cedirogant increased rosuvastatin maximum plasma concentration (Cmax) by 1.4-fold and AUC by 2.5-fold.,1
cedirogant,atorvastatin,"Note: Atorvastatin is not explicitly mentioned in the abstract, but it is a statin and rosuvastatin is. However, based on the context and the fact that cedirogant's effect on rosuvastatin was investigated, we can infer that atorvastatin may also be affected similarly.",1
cedirogant,substrates of CYP3A,Static drug-drug interactions (DDIs) predictions suggested possible clinical induction of CYP3A4 by cedirogant.,1
cedirogant,"substrates of P-gp, BCRP, and OATP1B/3","Cedirogant inhibited P-glycoprotein (P-gp), breast cancer resistance protein (BCRP), organic anion transporting polypeptide (OATP) 1B1, and OATP1B3 in vitro.",1
Steroids,Tacrolimus,"This is important in individuals of African ancestry who are more likely to carry no LOF alleles, may more commonly receive steroid treatment, and will need higher tacrolimus doses.",1
CYP3A4/5 Inducers (Steroids),Tacrolimus,Steroids induce CYP3A genes to increase tacrolimus clearance,1
Rifampin,Edoxaban,co-administration of carboxylesterase-1 inducers such as rifampin and/or OATP1B1 inhibitors such as rifampin or clarithromycin may increase plasma concentrations of M-4 to clinically non-negligible levels,1
Clarithromycin,Edoxaban,co-administration of carboxylesterase-1 inducers such as rifampin and/or OATP1B1 inhibitors such as rifampin or clarithromycin may increase plasma concentrations of M-4 to clinically non-negligible levels,1
Rifampin,OATP1B1,"plasma concentration of coproporphyrin-I, an endogenous biomarker of OATP1B1 activity, increased during this period",0
Clarithromycin,OATP1B1,"plasma concentration of coproporphyrin-I, an endogenous biomarker of OATP1B1 activity, increased during this period",0
Nirmatrelvir-ritonavir (Paxlovid),Simvastatin,Notable medications interacting with Paxlovid were simvastatin...,1
Nirmatrelvir-ritonavir (Paxlovid),Amlodipine,Notable medications interacting with Paxlovid were amlodipine...,1
Nirmatrelvir-ritonavir (Paxlovid),Atorvastatin,Notable medications interacting with Paxlovid were atorvastatin...,1
Nirmatrelvir-ritonavir (Paxlovid),Concurrent medications (21.7% of 23 concurrent medications not complying with recommended interventions by the University of Liverpool COVID-19 Drug Interaction database),...21.7% of 23 concurrent medications were found not to comply with the recommended interventions by the University of Liverpool COVID-19 Drug Interaction database.,1
piperine,CYP3A4 substrate drugs,Piperine has been reported to inhibit the enzyme activity of cytochrome P450 (CYP) 3A4.,1
piperine,ritonavir,"The predicted area under the curve (AUC) ratios (with and without piperine, following a 7-day intake of 20 mg/day) for six drugs were found to exceed 1.25, with significant increases in AUC observed for ritonavir (31%).",1
piperine,nifedipine,"The predicted area under the curve (AUC) ratios (with and without piperine, following a 7-day intake of 20 mg/day) for six drugs were found to exceed 1.25, with significant increases in AUC observed for nifedipine (34%).",1
piperine,cyclosporine,"The predicted area under the curve (AUC) ratios (with and without piperine, following a 7-day intake of 20 mg/day) for six drugs were found to exceed 1.25, with significant increases in AUC observed for cyclosporine (35%).",1
piperine,triazolam,"The predicted area under the curve (AUC) ratios (with and without piperine, following a 7-day intake of 20 mg/day) for six drugs were found to exceed 1.25, with significant increases in AUC observed for triazolam (36%).",1
piperine,alfentanil,"The predicted area under the curve (AUC) ratios (with and without piperine, following a 7-day intake of 20 mg/day) for six drugs were found to exceed 1.25, with significant increases in AUC observed for alfentanil (39%).",1
piperine,simvastatin,"The predicted area under the curve (AUC) ratios (with and without piperine, following a 7-day intake of 20 mg/day) for six drugs were found to exceed 1.25, with significant increases in AUC observed for simvastatin (59%).",1
theophylline,unknown (toxicity),theophylline toxicity (5.1%),1
antiepileptic drugs,unknown (toxicity),antiepileptic toxicity (5.1%),1
ceftriaxone,calcium (precipitates),formation of ceftriaxone calcium precipitates (3.8%),1
unknown (QT-interval prolongation),unknown,increased risk of QT-interval prolongation (10.1%),1
non-ART medications,antiretroviral therapy drugs (ARTs),"Moreover, further adjustments for HIV viral load and CD4 + cell count did not change the significance of the association (OR = 2.01, CI 1.03-3.92).",1
cardiovascular medication,antiretroviral therapy drugs (ARTs),"The highest prevalence of DDI was among cardiovascular medication users (71.7%),",1
central nervous system drugs,antiretroviral therapy drugs (ARTs),followed by central nervous system drugs (69.2%).,1
BTT-3033,paclitaxel (PTX),"Pretreatment with BTT-3033 (1 μM), followed by PTX-induced synergistic antiproliferative effects",1
voriconazole,omeprazole,co-administration with omeprazole significantly increased voriconazole concentrations,1
voriconazole,CYP2C19*2 allele (with CYP2C19 rs4244285 polymorphism),there was an additive effect in CYP2C19*2 allele,1
Strong Inducers,Lacosamide (LCM),Strong inducers significantly increased DCR.,1
Multiple Inducers,Lacosamide (LCM),Synergy may exist when multiple inducers are given.,1
firsocostat,CYP3A inhibitors,Firsocostat can be administered with CYP3A and UGT inhibitors without dose adjustment.,1
firsocostat,"strong OATP1B/3 inhibitors (rifampin, cyclosporine A)",Firsocostat should not be coadministered with strong OATP1B/3 inhibitors...,1
firsocostat,CYP3A substrates or combined oral contraceptives,...can be administered with CYP3A substrates or combined oral contraceptives without dose modification.,1
chloroquine phosphate,remdesivir,"For remdesivir, coadministration with chloroquine phosphate and hydroxychloroquine sulfate was not recommended.",1
nirmatrelvir/ritonavir,medications that are categorized as 'Contraindicated' or 'Avoid Concomitant Use',"During the study period, about half of the patients received medications categorized as 'Contraindicated' (11%) and/or 'Avoid Concomitant Use' (41%) with nirmatrelvir/ritonavir.",1
nirmatrelvir/ritonavir,medications that are 'Contraindicated',"Among a subset of patients hospitalized for COVID-19 in 2022, those who were older, had higher CCI, high-risk underlying conditions, severe hepatic impairment, Medicare insurance, and hospitalized in larger hospitals were significantly more likely to be categorized as 'Contraindicated' when considering nirmatrelvir/ritonavir as a therapeutic option to manage COVID-19.",1
Inhaled corticosteroids (ICS),Benzodiazepines (BZD),"The combined use of ICS and BZD was associated with a higher reporting of pneumonia (ROR: 2.41, 95% CI 2.25-2.58).",1
Mometasone,Clonazepam,"The strongest risk signals were observed in specific drug combinations, such as mometasone with clonazepam...",1
Budesonide,Temazepam,"The strongest risk signals were observed in specific drug combinations, such as budesonide with temazepam...",1
Mometasone,Zopiclone,"The strongest risk signals were observed in specific drug combinations, such as mometasone with zopiclone.",1
fedratinib,fluconazole,"For patients with cancer receiving the approved dose of fedratinib 400 mg once daily along with fluconazole 200 mg daily, the model predicted an approximate 50% increase in fedratinib exposure at steady state.",1
≥2 potassium reducing drugs,No specific drug mentioned,"The most common DDIs were: ≥ 2 potassium reducing drugs (17.1%),",1
SSRI,loop/thiazide diuretic,and SSRI + loop/thiazide diuretic (7.2%),1
≥3 centrally acting drugs,No specific drug mentioned,"the most common DDIs were: ≥ 3 centrally acting drugs (9.0%),",1
DDIs,A major serum electrolyte disturbance had the highest incidence/prevalence,Major serum electrolyte disturbance had the highest incidence (10.7%)/prevalence (11.5%). Incident ADRs were more common in patients with DDIs (p = 0.013).,1
Itraconazole,Entrectinib,"predict increases in steady-state systemic exposure on co-administration of strong and moderate CYP3A4 inhibitors (itraconazole at 5 mg/kg, erythromycin at 7.5-12.5 mg/kg and fluconazole at 3-12 mg/kg, respectively)",1
Erythromycin,Entrectinib,"predict increases in steady-state systemic exposure on co-administration of strong and moderate CYP3A4 inhibitors (itraconazole at 5 mg/kg, erythromycin at 7.5-12.5 mg/kg and fluconazole at 3-12 mg/kg, respectively)",1
Fluconazole,Entrectinib,"predict increases in steady-state systemic exposure on co-administration of strong and moderate CYP3A4 inhibitors (itraconazole at 5 mg/kg, erythromycin at 7.5-12.5 mg/kg and fluconazole at 3-12 mg/kg, respectively)",1
Rifampicin,Entrectinib,This model captured well the exposure changes of entrectinib and M5 seen in adults co-administered with the strong CYP3A4 inducer rifampicin.,1
Entrectinib,"Strong CYP3A4 inhibitors (itraconazole, erythromycin, fluconazole)","Model predictions for ≧2 year olds showed that entrectinib AUC(0-t) was increased by approximately sevenfold and five to threefold by strong and high-moderate and low-moderate CYP3A4 inhibitors, respectively.",1
Entrectinib,"Moderate CYP3A4 inhibitors (erythromycin, fluconazole)","Model predictions for ≧2 year olds showed that entrectinib AUC(0-t) was increased by approximately sevenfold and five to threefold by strong and high-moderate and low-moderate CYP3A4 inhibitors, respectively.",1
Programmed death-1,Proton pump inhibitors,associated with skin and subcutaneous tissue disorders,1
Programmed death ligand-1,Proton pump inhibitors,adverse reactions of metabolism and nutrition disorders,1
Cytotoxic T-lymphocyte antigen-4,Proton pump inhibitors,associated with skin and subcutaneous tissue disorders,1
cabozantinib,rivaroxaban,potential pharmacokinetic interaction between cabozantinib and rivaroxaban,1
cabozantinib,P-glycoprotein (P-gp),cabozantinib-related P-glycoprotein inhibition,1
Boosted PIs,Antiretrovirals,use of boosted PIs is common,0
β-blockers,Diuretics,"The most common AC drugs were β-blockers (12.2%), diuretics (8.7%) and antidepressants (8.7%).",1
β-blockers,Antidepressants,"The most common AC drugs were β-blockers (12.2%), diuretics (8.7%) and antidepressants (8.7%).",1
Diuretics,Antidepressants,"The most common AC drugs were β-blockers (12.2%), diuretics (8.7%) and antidepressants (8.7%).",1
Antiretrovirals,Co-medications,"Overall, 258 DDIs were found between antiretrovirals and co-medications in 115 (66.8%) PWH",0
Contraindicated drug combinations,Antiretrovirals,14 (8.1%) PWH received contraindicated drug combinations.,0
Brexpiprazole,Warfarin,clinicians should exercise caution when using these medications concomitantly,1
fluoroquinolones,sulfonylureas,Interactions with antidiabetic drugs revealed that fluoroquinolones and sulfonylureas produce severe interaction effects.,1
rifaximin,metformin,"Comparatively, rifaximin can be safer as it exhibited mild interaction only with metformin,",1
Icenticaftor,CYP3A4 substrates,icenticaftor may also weakly inhibit the metabolic clearance of co-medications metabolized by CYP3A4 (AUC ratio: 1.86),1
Icenticaftor,CYP1A2 substrates,"In the CYP substrate cocktail DDI study, icenticaftor 300 mg twice daily (b.i.d.) moderately inhibited CYP1A2 (AUC ratio: 3.35)",1
Icenticaftor,CYP2B6 substrates,icenticaftor may moderately inhibit the metabolic clearance of co-medications metabolized by CYP2B6 (AUC ratio: 2.11),1
Icenticaftor,CYP2C19 substrates,"In the CYP substrate cocktail DDI study, icenticaftor 300 mg twice daily (b.i.d.) moderately inhibited CYP2C19 (AUC ratio: 2.70)",1
Icenticaftor,Monophasic OC containing EE and LVG,"In the OC DDI study, co-administration of icenticaftor 450 mg b.i.d. with monophasic OC containing 30-μg EE and 150-μg LVG once daily reduced the plasma exposure of both components by approximately 50%",1
Panax notoginseng (PNS),Warfarin,"The combination of PNS and warfarin showed antagonistic effects instead, implying an increased risk of adverse effects.",1
miR-214-3p overexpression,Panax notoginseng (PNS),"None found. However, the interaction is described as 'weakened antagonistic effect' which implies that PNS and warfarin should be used with caution.",1
Proton Pump Inhibitors,Clopidogrel,Proton pump inhibitors and clopidogrel should only be used concurrently in patients with reliable clinical indications.,1
Ticagrelor,Clopidogrel,Drugs that are not prodrugs and whose metabolism is not dependent upon CYP2C19 can be selected as a superior alternative in case of CR. Ticagrelor is one such effective substitute.,1
GLS4,ritonavir,co-administered GLS4 and ritonavir significantly influenced the exposure of CYP3A4 substrates,1
GLS4,CYP3A4 inducers,CYP3A4 inducers significantly influenced GLS4 exposure when co-administered with ritonavir,1
GLS4,Ritonavir,co-administered with ritonavir to maintain the anticipated concentration required for the effective antiviral activity of GLS4,1
GLS4,Hepatic Impairment (HI),"with the severity of HI increased, there was a corresponding increase in the exposure to GLS4 when co-administered with ritonavir",1
fentanyl,furosemide,The odds ratio was highest for decreased blood pressure observed after the administration of the drug pair fentanyl and furosemide (OR 5.06; 95% confidence interval 3.5-7.4; p < 0.001).,1
potassium salts,furosemide,Increased odds ratios for specific symptoms observed after drug-drug interactions resulted from eight combinations composed of eight different drugs: ... potassium salts-furosemide ...,1
vancomycin,furosemide,"... vancomycin-furosemide, digoxin-furosemide, digoxin-hydrochlorothiazide, fentanyl-phenobarbital, potassium salts-hydrochlorothiazide, and midazolam-hydrochlorothiazide.",1
digoxin,furosemide,"... vancomycin-furosemide, digoxin-furosemide, digoxin-hydrochlorothiazide, fentanyl-phenobarbital, potassium salts-hydrochlorothiazide, and midazolam-hydrochlorothiazide.",1
digoxin,hydrochlorothiazide,"... vancomycin-furosemide, digoxin-furosemide, digoxin-hydrochlorothiazide, fentanyl-phenobarbital, potassium salts-hydrochlorothiazide, and midazolam-hydrochlorothiazide.",1
fentanyl,phenobarbital,"... vancomycin-furosemide, digoxin-furosemide, digoxin-hydrochlorothiazide, fentanyl-phenobarbital, potassium salts-hydrochlorothiazide, and midazolam-hydrochlorothiazide.",1
potassium salts,hydrochlorothiazide,"... vancomycin-furosemide, digoxin-furosemide, digoxin-hydrochlorothiazide, fentanyl-phenobarbital, potassium salts-hydrochlorothiazide, and midazolam-hydrochlorothiazide.",1
midazolam,hydrochlorothiazide,"... vancomycin-furosemide, digoxin-furosemide, digoxin-hydrochlorothiazide, fentanyl-phenobarbital, potassium salts-hydrochlorothiazide, and midazolam-hydrochlorothiazide.",1
levomepromazine,fluvoxamine,"Since the combined use of levomepromazine and fluvoxamine induces seizures, it may have been involved in causing the subject's death.",1
trihexyphenidyl,fluvoxamine overdose,"combined use of trihexyphenidyl may potentiate anticholinergic effects of fluvoxamine overdose, including convulsions and coma",1
SGC003F,Tariquidar,"P-gp inhibition impacts SGC003F exposure, with plasma levels not fully reflecting tissue levels. P-gp in the small intestine and BBB affects SGC003F's pharmacokinetics, warranting further clinical drug-drug interaction (DDI) studies.",0
CYP3A4 substrates,CYP3A4 inducers,DDI risk assessments of a new small molecule showed risks of CYP3A4 autoinduction and being a sensitive CYP3A4 substrate.,1
CYP3A4 substrates,CYP3A4 inhibitors,DDI risk assessments of a new small molecule showed risks of CYP3A4 autoinduction and being a sensitive CYP3A4 substrate.,1
Midazolam,CYP3A4 inducers (investigational small molecule),The resulting DDI substudy showed that the investigational small molecule did not induce midazolam clearance,1
Investigational small molecule,CYP3A4 inhibitors (strong),leading to the decision to exclude concomitant use of strong CYP3A4 inducers or inhibitors from clinical trials.,1
simethicone,oral lactase,"The response to lactase was reduced in infants receiving concomitant simethicone for colic symptoms, suggesting a potential drug interaction...",1
pemafibrate,simvastatin,The systemic exposure of simvastatin was reduced by about 15% and its open acid form by about 60%,1
itraconazole,midazolam,Itraconazole exposure with a loading dose could increase the exposure of midazolam by 3.21-fold based on maximum plasma concentration (Cmax),1
Linezolid (LZD),Amikacin,There were 2293 AE reports when LZD was combined with amikacin.,1
Linezolid (LZD),Voriconazole,There were 1726 AE reports when LZD was combined with voriconazole.,1
Linezolid (LZD),Meropenem,There were 4449 AE reports when LZD was combined with meropenem.,1
Linezolid (LZD),Clarithromycin,There were 821 AE reports when LZD was combined with clarithromycin.,1
Linezolid (LZD),Levofloxacin,There were 2431 AE reports when LZD was combined with levofloxacin.,1
Linezolid (LZD),Piperacillin-tazobactam,There were 1053 AE reports when LZD was combined with piperacillin-tazobactam.,1
Linezolid (LZD),Azithromycin,"There were 463 AE reports when LZD was combined with azithromycin. Except for azithromycin, there were positive safety signals related to DDIs between LZD and these antibiotics.",1
Temsavir,Metformin,A DDI risk was flagged with EMA static model predictions,1
PPIs,clopidogrel,"but doubts remain as to whether PPIs may reduce the cardiovascular protection provided by aspirin, prasugrel, ticagrelor, and clopidogrel",1
PPIs,antiplatelet agents,A large body of evidence describes the PK/PD interaction of antiplatelet drugs with PPIs and its potential role in increasing clinical cardiovascular adverse events,1
clopidogrel,PPIs with minimal interference with hepatic cytochrome P450 2C19,The choice of a PPI with no (or minimal) interference with the hepatic cytochrome P450 2C19 is preferred in patients receiving clopidogrel,1
rivaroxaban,amiodarone,the drug-drug interaction between rivaroxaban and amiodarone,1
NMV/RTV,TAC,blood TAC levels significantly increase when these drugs are concomitantly administered,1
ESV,TAC,blood trough levels of TAC increased approximately threefold in one patient administering ESV,0
Statins,Quinolones,"combinations of statin and quinolone may be associated with potentially life-threatening myopathy, rhabdomyolysis and acute hepatitis.",1
Ciprofloxacin,Simvastatin,"especially in patients with ciprofloxacin or levofloxacin, with simvastatin and high-dose atorvastatin",1
Levofloxacin,Simvastatin,"especially in patients with ciprofloxacin or levofloxacin, with simvastatin and high-dose atorvastatin",1
Atorvastatin,High-dose CYP3A4 inhibitors,"especially in patients with ciprofloxacin or levofloxacin, with simvastatin and high-dose atorvastatin",1
CYP3A4 inhibitors,Atorvastatin (high dose),"especially in patients with ciprofloxacin or levofloxacin, with simvastatin and high-dose atorvastatin",1
Itraconazole,ACT-1004-1239,"strong CYP3A4 inhibitor, itraconazole",1
Nirmatrelvir/Ritonavir (NMV/r),Tacrolimus Hydrate Extended-Release Capsules (TAC-ER),"In patients using TAC-ER after lung transplantation, it may be useful to confirm that the TAC blood level is below the effective therapeutic range before resuming TAC-ER safely.",1
glyburide,metoprolol,"The blockade of adrenergic effects by metoprolol, compromising the ability to counteract the action of insulin released by glybenclamide.",1
nirmatrelvir/ritonavir,tacrolimus,"The treatment of COVID-19 in the post-transplant individuals is challenging, primarily due to the drug-drug interaction between nirmatrelvir/ritonavir and tacrolimus.",1
VV116 (deuremidevir hydrobromide tablets),tacrolimus,"Notably, tacrolimus blood concentrations remained within the therapeutic range throughout treatment...",1
sertraline,zopiclone,"With zopiclone, for once-daily sertraline scheme, the dosage of 1.0 mg/kg/day was suggested for pediatric MDD patients with body weight of 30-80 kg; for twice-daily sertraline scheme, the dosage of 0.5 mg/kg/day was suggested for pediatric MDD patients with body weight of 30-80 kg.",1
warfarin,"COVID-19 Vaccine/drugs, monoclonal antibodies, and targeted anticancer agents","The analyses of warfarin ADR records (n = 53,709) from the database revealed that tocilizumab (adjusted Odds Ratio (aOR): 3.39 [95% CI: 1.77-7.03];",1
warfarin,tocilizumab,"The analyses of warfarin ADR records (n = 53,709) from the database revealed that tocilizumab (adjusted Odds Ratio (aOR): 3.39 [95% CI: 1.77-7.03];",1
warfarin,monoclonal antibodies,"The analyses of warfarin ADR records (n = 53,709) from the database revealed that tocilizumab (adjusted Odds Ratio (aOR): 3.39 [95% CI: 1.77-7.03];",1
warfarin,targeted anticancer agents,"The analyses of warfarin ADR records (n = 53,709) from the database revealed that tocilizumab (adjusted Odds Ratio (aOR): 3.39 [95% CI: 1.77-7.03];",1
warfarin,COVID-19 Vaccine/drugs,"The analyses of warfarin ADR records (n = 53,709) from the database revealed that tocilizumab (adjusted Odds Ratio (aOR): 3.39 [95% CI: 1.77-7.03];",1
AChEIs,beta-blocking agents,"The most important factors that showed the strongest association with the presence of drug interactions were the use of AChEIs ( CONCLUSION: Patients with dementia present increased risk of DDIs. Among the most common drugs are psychotropic drugs, which are involved in pharmacodynamic interactions caused by the concomitant use of CNS-targeted drugs.",0
AChEIs,psychotropic drugs,"Among the most common drugs are psychotropic drugs, which are involved in pharmacodynamic interactions caused by the concomitant use of CNS-targeted drugs.",0
acetylsalicylic acid,other drugs,"The drugs most frequently involved in DDIs were quetiapine (24.5%) and acetylsalicylic acid (10%). A total of 97 DDIs were detected between the acetylcholinesterase inhibitors (AChEIs), and the remaining drugs were administered concomitantly.",1
quetiapine,other drugs,"The drugs most frequently involved in DDIs were quetiapine (24.5%) and acetylsalicylic acid (10%). A total of 97 DDIs were detected between the acetylcholinesterase inhibitors (AChEIs), and the remaining drugs were administered concomitantly.",1
Letermovir (LET),Extended-release Tacrolimus (ER-TAC),"In the Japanese population, LET significantly increased ER-TAC exposure...",1
clopidogrel,omeprazole,...and clopidogrel antiplatelet effects.,1
ketoconazole,anlotinib,"CYP3A potent inhibitor ketoconazole demonstrated the most significant DDI with anlotinib, regardless of whether anlotinib is administered as a single dose or multiple doses. Ketoconazole increased the area under the concentration-time curve (AUC) and maximum concentration (C",1
anlotinib,strong CYP3A inducers,"To mitigate the risk of anti-tumor treatment failure, it is recommended to avoid concurrent use of strong CYP3A inducers.",1
Voriconazole (VRZ),Proton Pump Inhibitors (PPIs),AEs related to DDIs should receive more attention when VRZ is used in combination with PPIs (renal impairment),1
Voriconazole (VRZ),Non-Steroidal Anti-Inflammatory Drugs (NSAIDs),AEs related to DDIs should receive more attention when VRZ is used in combination with NSAIDs (constipation and renal failure),1
Voriconazole (VRZ),Immunosuppressants,"AEs related to DDIs should receive more attention when VRZ is used in combination with immunosuppressants (graft versus host disease, septic shock)",1
Voriconazole (VRZ),Other Antibacterial Drugs,"AEs related to DDIs should receive more attention when VRZ is used in combination with other antibacterial drugs (multiple organ dysfunction syndrome, febrile neutropenia, and respiratory failure)",1
Voriconazole (VRZ),Tacrolimus,Graft-versus-host disease was the AE that had the strongest correlation with the drug interaction between VRZ and immunosuppressants,1
Voriconazole (VRZ),Mycophenolate Mofetil,My mycophenolate mofetil and respiratory failure in female patients when VRZ is used in combination with linezolid,1
Voriconazole (VRZ),Cyclophosphamide,Graft-versus-host disease was the AE that had the strongest correlation with the drug interaction between VRZ and immunosuppressants,1
Voriconazole (VRZ),Cyclosporine,Graft-versus-host disease was the AE that had the strongest correlation with the drug interaction between VRZ and immunosuppressants,1
Voriconazole (VRZ),Linezolid,Aggravated conditions and respiratory failure should be given more attention in male patients when VRZ is used in combination with linezolid,1
Voriconazole (VRZ),Ceftazidime,Febrile neutropenia and septic shock should be of particular concern in patients over 18 years of age when VRZ is used in combination with ceftazidime,1
Voriconazole (VRZ),Ciprofloxacin,Febrile neutropenia and septic shock should be of particular concern in patients over 18 years of age when VRZ is used in combination with ciprofloxacin,1
Voriconazole (VRZ),Cytarabine,Febrile neutropenia and septic shock should be of particular concern in patients over 18 years of age when VRZ is used in combination with cytarabine,1
Voriconazole (VRZ),Meropenem,Septic shock should be considered in patients under 18 years of age when VRZ is used in combination with meropenem,1
Voriconazole (VRZ),Dexamethasone,Septic shock should be considered in patients under 18 years of age when VRZ is used in combination with dexamethasone,1
Resveratrol,Cisplatin,The combination of cisplatin and resveratrol can play a synergistic therapeutic effect on HepG2 cells.,1
Riociguat,Quercetin,quercetin significantly inhibited riociguat and M1 metabolism,1
Ivacaftor,CYP3A4 substrates,"may interact with drugs that are CYP3A4 substrates, resulting in changes in plasma exposure to ivacaftor",1
Ivacaftor,Nisoldipine,"19 severely inhibited ivacaftor metabolism, particularly two cardiovascular drugs (nisoldipine and nimodipine)",1
Ivacaftor,Nimodipine,"19 severely inhibited ivacaftor metabolism, particularly two cardiovascular drugs (nisoldipine and nimodipine)",1
Azoles,Rifamycin,"The interaction with rifamycin is problematic, making it challenging to continue standard treatment for NTM-PD and requiring drug adjustments.",1
CCBs (felodipine/nifedipine/amlodipine),tacrolimus,"The three CCBs increased the dose-adjusted trough concentration (C0) of tacrolimus, indicating that they inhibit its metabolism.",1
Letermovir,Calcineurin inhibitors (cyclosporine and tacrolimus),"Both letermovir and maribavir have a significant drug interaction potential in solid organ transplant recipients, resulting in higher levels of calcineurin inhibitors (cyclosporine and tacrolimus)...",1
Letermovir,mTOR inhibitors (sirolimus and everolimus),"Both letermovir and maribavir have a significant drug interaction potential in solid organ transplant recipients, resulting in higher levels of calcineurin inhibitors (cyclosporine and tacrolimus) and mTOR inhibitors (sirolimus and everolimus).",1
Maribavir,Calcineurin inhibitors (cyclosporine and tacrolimus),"Both letermovir and maribavir have a significant drug interaction potential in solid organ transplant recipients, resulting in higher levels of calcineurin inhibitors (cyclosporine and tacrolimus)...",1
Maribavir,mTOR inhibitors (sirolimus and everolimus),"Both letermovir and maribavir have a significant drug interaction potential in solid organ transplant recipients, resulting in higher levels of calcineurin inhibitors (cyclosporine and tacrolimus) and mTOR inhibitors (sirolimus and everolimus).",1
Sitagliptin,Statins,several reports in the literature on rhabdomyolysis resulted from the interaction between statins and Sitagliptin,1
Rosuvastatin,Sitagliptin,The patient's rhabdomyolysis should be caused by a drug-drug interaction between Rosuvastatin and Sitagliptin,1
TTFields,carboplatin,"The nature of TTFields-drug interaction was dependent on the drug's underlying mechanism of action and on the genetic background of the cells, with synergistic interactions between TTFields and carboplatin or PARPi seen in HRP and resistant cells.",0
TTFields,PARPi (olaparib),"The nature of TTFields-drug interaction was dependent on the drug's underlying mechanism of action and on the genetic background of the cells, with synergistic interactions between TTFields and carboplatin or PARPi seen in HRP and resistant cells.",0
TTFields,olaparib,"In the tumor-bearing mice, TTFields and olaparib co-treatment resulted in reduced tumor volume and a survival benefit relative to olaparib monotherapy and to control.",0
carboplatin,PARPi (olaparib),"The nature of TTFields-drug interaction was dependent on the drug's underlying mechanism of action and on the genetic background of the cells, with synergistic interactions between TTFields and carboplatin or PARPi seen in HRP and resistant cells.",1
Aripiprazole,Fluoxetine,"Under the same weight, the aripiprazole clearance rates were 0.714:1 in patients with or without fluoxetine, respectively.",1
aprepitant,corticosteroids,The main interaction was between aprepitant and corticosteroids...,1
aprepitant,vincristine,followed by the interaction between aprepitant and vincristine,1
doxorubicin,cyclophosphamide,The most common interaction between antineoplastic agents was between doxorubicin and cyclophosphamide,1
empagliflozin,probenecid,"We suggest that clinicians exercise caution when prescribing SGLT2 inhibitors alongside pharmacologic inhibitors of, or competitors for, proximal tubular organic anion transporters in patients with diabetes mellitus due to the risk of severe DKA",1
